ID,DL400,DL372,DL324,DL138,DL181,DL371,DL865
1.nii.gz,0.487113148,-0.272373721,0.627698817,0.076106559,-0.836870938,0.670453606,-0.219923419
10.nii.gz,0.13260427,-2.369794933,0.528081172,0.852996354,0.317585573,-0.459255045,-1.267738601
100.nii.gz,-0.611864374,-0.407428772,-0.577200314,1.405728057,1.254663605,0.870036122,1.946661765
101.nii.gz,1.515188895,-0.820729771,-0.043873196,-0.82723139,-0.546770478,1.431800327,-0.829555193
102.nii.gz,-0.860020589,1.016344355,1.131547245,-0.70653088,-0.747218557,0.211497204,-0.605177693
103.nii.gz,-0.399159047,2.401065419,2.307645357,-1.323444601,-0.405972536,0.117665463,-0.41492779
104.nii.gz,0.061702495,-0.975310853,-0.115028657,-0.038846309,-0.415973284,1.078938047,-0.949833304
105.nii.gz,0.6289167,-0.781677708,0.86454485,1.030215358,-1.101772661,0.992758032,1.104447915
106.nii.gz,0.345309597,-1.048533471,1.267081455,0.698767923,-0.158828048,-0.02958121,-0.322038432
107.nii.gz,1.44428712,-0.893952389,0.446421811,-0.954637485,-0.156465666,1.371567511,2.782665986
108.nii.gz,-0.399159047,0.503786029,2.041320633,-0.589662131,1.035513339,-1.354850315,3.086922358
109.nii.gz,0.912523802,-2.44464472,0.999740225,0.489936881,1.02043347,-0.660407146,-0.193946842
11.nii.gz,0.735269363,-1.626178568,-0.60329065,-0.835852855,-1.232058005,1.495908056,-0.622505041
110.nii.gz,0.593465812,0.492395844,0.665309561,-0.961343069,-1.404984338,0.478571866,2.197867094
111.nii.gz,0.345309597,-1.546447273,2.702727581,1.394232771,-1.456444884,0.505500055,0.046471263
112.nii.gz,0.380760485,-0.565264193,-0.177374393,0.028209531,-1.609369719,1.259685545,0.512493714
113.nii.gz,-0.18645372,0.791794993,2.916532798,-0.58774625,-1.590706904,0.097506109,0.762847086
114.nii.gz,1.515188895,-1.779132481,1.575082949,0.247577919,2.19556082,-1.13559894,-0.970473348
115.nii.gz,1.018876466,-0.402547264,-0.646322762,1.757292243,0.392709308,0.420693427,1.913618669
116.nii.gz,0.203506046,-1.541565765,0.649045455,0.566572126,-0.669574948,0.245488525,-0.823376569
117.nii.gz,0.664367588,-0.36512237,0.781530146,-1.230524367,-0.746155485,1.602296475,0.76877555
118.nii.gz,-0.044650169,0.879662135,1.351451502,0.047368342,-0.08835033,-0.206699043,1.103333818
119.nii.gz,-0.576413486,0.498904522,-1.563211696,-1.211365555,1.088036957,2.022160405,-1.887803851
12.nii.gz,0.735269363,-0.859781834,1.03497912,0.323255223,-1.086220315,-1.535794012,-1.209520853
120.nii.gz,-0.18645372,0.165334818,2.032510909,-0.253424994,0.538665117,0.290663137,3.212567303
121.nii.gz,-1.569038345,-0.531093638,0.181452429,-0.96325895,-0.047874859,1.076387472,-0.448019509
122.nii.gz,-1.462685682,-0.054333036,-0.059798466,-1.843606326,-0.311437899,0.149400506,-1.058799205
123.nii.gz,-0.009199281,0.258083467,0.403728534,0.162321209,-2.069719145,0.73088262,1.163931267
124.nii.gz,-1.498136569,1.637923023,0.575856982,-1.203702031,-2.074128924,0.427069865,-0.065450061
125.nii.gz,0.309858709,-0.880935035,1.233536738,-1.022651265,-0.848761592,0.797540924,-0.183517595
126.nii.gz,0.309858709,-0.550619669,-1.186765426,-0.111649791,1.172492099,0.682568838,0.391043722
127.nii.gz,1.337934456,0.057941645,0.229228238,0.102928894,0.417553688,1.220151628,-0.515352279
128.nii.gz,1.976050437,-2.324234193,0.560948219,0.602015927,0.656351094,-0.810547741,-0.449793186
129.nii.gz,-0.044650169,0.225540081,-0.168225834,1.075238564,-0.199736622,0.185010461,-0.055213192
13.nii.gz,1.337934456,-1.212877569,-0.071657709,0.716968794,-1.196031686,-1.051871402,-1.32605571
130.nii.gz,0.203506046,0.144181617,-1.213533433,-1.056179185,0.21919238,1.628832267,-1.301036087
131.nii.gz,0.735269363,-1.676620816,0.130288265,-0.890455467,-1.633072281,0.743880744,-0.506158334
132.nii.gz,2.011501325,-0.350477847,-0.804558953,1.129841176,1.03110356,0.765266337,3.236431958
133.nii.gz,1.373385344,-0.654758503,-0.573473124,-0.558050093,-0.256827511,2.153367884,1.306040329
134.nii.gz,0.806171139,-1.413019392,0.628715324,-0.628937694,0.060834067,0.740447278,0.409091957
135.nii.gz,0.558014924,0.321543069,1.193554146,-0.608820942,0.218601785,1.206466811,1.025403383
136.nii.gz,0.877072914,-1.255183971,1.050565554,0.525380682,0.673399614,-2.455423549,-1.790339013
137.nii.gz,-0.080101057,-0.391157079,1.248445502,-0.079079812,-1.03594096,-0.084860024,0.601768774
138.nii.gz,0.593465812,-0.732862629,-1.199641176,-0.332934061,-0.305138215,1.290243399,-0.15728522
139.nii.gz,0.487113148,0.881289304,0.445405304,-0.802324936,-2.099367034,-0.255797617,2.623890564
14.nii.gz,0.558014924,-1.053414979,0.599914304,-0.532185698,-0.450897159,-2.277962369,-1.059226241
140.nii.gz,-0.044650169,-0.363495201,0.829983626,0.031083352,-0.909277934,0.227144002,2.037437791
141.nii.gz,0.026251607,0.20601405,1.201347363,-0.266836162,-0.888607095,0.235776719,-0.30138359
142.nii.gz,-0.470060823,-0.075486237,0.490809265,1.284069606,-0.757494916,-0.259132985,-0.194556389
143.nii.gz,0.877072914,-0.941140298,1.44700312,-0.389452554,0.018311199,-0.182027132,2.210752147
144.nii.gz,1.018876466,0.459852459,0.592121087,0.706431448,-0.071892405,1.018410934,-0.045321614
145.nii.gz,0.699818475,-0.669403027,0.447099482,-0.029266903,-0.638982107,-0.022419979,0.870169677
146.nii.gz,0.203506046,-0.906969743,-1.847833538,-1.501621545,0.894872888,2.947283489,0.172606665
147.nii.gz,-0.080101057,0.401274364,-0.377626189,-0.350176991,0.817583637,-0.487949017,-1.168061072
148.nii.gz,1.727894222,-1.175452676,0.422703324,0.223629405,-0.754502566,1.394767936,-0.399887829
149.nii.gz,0.451662261,1.032616048,1.823110554,-0.988165405,0.286480882,0.384053432,-1.193218107
15.nii.gz,1.727894222,-1.901170178,-0.237009446,-0.290784676,-1.298401555,0.922666261,0.124016944
150.nii.gz,-1.391783906,1.362931414,2.516368041,-0.650970327,-0.95254889,0.057236449,0.013296392
151.nii.gz,-0.080101057,0.962647769,0.963145988,0.263862909,0.265534432,0.054931121,0.41266327
152.nii.gz,0.168055158,1.068413772,1.527645975,0.303138472,0.419679831,0.22940028,0.177121542
153.nii.gz,0.6289167,0.785286316,1.06750733,0.970823043,-0.94735165,-0.334031609,0.858608715
154.nii.gz,-0.009199281,0.5477196,1.885456291,-0.508237184,-0.748321001,1.401144374,-1.119488968
155.nii.gz,-1.072725916,-1.232403601,1.425656482,-0.729521453,-0.678079522,0.124090951,-0.653390411
156.nii.gz,0.345309597,0.401274364,2.192780113,-0.318564952,-0.319430623,-0.597133259,-0.322571169
157.nii.gz,-0.080101057,1.113974512,3.229616824,-1.120361202,-0.095043745,-0.719511823,-0.430495555
158.nii.gz,1.408836232,-0.324443138,0.692077567,0.771571406,0.425861396,-0.681449392,-0.793999212
159.nii.gz,-0.68276615,1.986137251,2.53839235,-0.205527966,-0.584726076,-2.012162995,0.506642061
16.nii.gz,-0.470060823,0.905696844,-0.747295749,1.242878162,0.43775205,0.525217963,1.029219219
160.nii.gz,1.656992447,-2.026462213,0.617872587,0.024377768,-1.446995357,1.498949126,1.103044195
161.nii.gz,0.380760485,-0.618960779,-1.43343769,0.490894822,0.455745523,0.303563162,2.825800084
162.nii.gz,-0.115551944,0.668130128,-0.7191724,1.164327036,-0.135794827,-0.82300632,-0.276835397
163.nii.gz,-0.434609935,1.117228851,0.586360883,-1.051389482,-0.378687028,0.818092675,0.207184552
164.nii.gz,-0.789118813,0.962647769,0.361374094,-1.573467087,-0.14063771,0.646811735,-0.246696987
165.nii.gz,2.153304876,-1.424409577,-1.825470394,0.987108032,-0.177608982,1.112095526,1.588278305
166.nii.gz,1.727894222,-1.103857227,-0.716800551,0.054073926,0.121074798,1.449703404,0.557259143
167.nii.gz,-0.434609935,-0.20565978,0.233971936,-0.945058079,-0.629296342,0.460129244,-0.3222745
168.nii.gz,-1.179078579,0.741352746,-0.286479433,-0.900992814,0.692219921,0.079406834,-0.678104908
169.nii.gz,-0.647315262,0.126282755,-0.28817361,-1.076295936,2.118822792,2.12796023,0.351617645
17.nii.gz,-1.391783906,-0.208914119,0.611773548,-0.326228477,-0.088271584,-0.142836562,-0.530520491
170.nii.gz,0.664367588,0.189742357,0.496230633,0.977528627,0.372825929,-1.630263396,-1.458379601
171.nii.gz,0.983425578,-2.355150409,-0.113673314,0.355825203,-0.578387019,0.035752757,-0.762483859
172.nii.gz,0.593465812,-0.352105016,-1.175583854,-1.471925388,0.152218862,0.102067715,-1.142176103
173.nii.gz,0.451662261,-1.085958365,-1.051570051,-0.711320583,-0.058505576,1.231727316,-1.210939371
174.nii.gz,0.806171139,-2.024835044,-0.060814972,0.644165311,-0.612995909,-0.154755596,-0.625792368
175.nii.gz,-0.115551944,0.018889582,0.401695521,-0.79178759,0.420467292,0.047230346,0.187895377
176.nii.gz,-1.462685682,1.478460433,-0.96686117,-1.979633885,1.134339636,0.054734923,-0.037317872
177.nii.gz,0.699818475,-0.98181953,-0.9251844,-1.212323496,-0.270332459,-0.007018428,-0.146779867
178.nii.gz,1.76334511,-1.583872167,0.177725238,1.047458288,0.600795753,-0.729665074,-1.367702935
179.nii.gz,-0.257355496,-1.657094785,-0.359329071,0.860659878,-0.117013894,0.678203431,-0.567182818
18.nii.gz,1.125229129,-2.576445433,0.024910416,-0.022561319,-0.906679314,0.941648428,0.740982311
180.nii.gz,0.94797469,-0.565264193,-0.967538841,0.144120339,-0.228478932,0.0829384,1.476920724
181.nii.gz,-1.00182414,0.755997269,-0.769997729,-2.043815903,2.645712633,0.959747702,-1.021272942
182.nii.gz,0.6289167,-0.267492213,0.768654396,0.178606199,-0.920617365,0.475187448,0.79297704
183.nii.gz,1.692443334,-0.309798614,0.770348574,0.953580113,1.110361463,-1.498369224,-0.739560656
184.nii.gz,1.905148661,0.5265664,1.738062837,0.244704097,1.464915567,-3.258952861,-0.889111832
185.nii.gz,0.274407822,-0.191015256,-0.121127696,-0.577208904,0.242264973,-2.013340183,-0.811991073
186.nii.gz,0.274407822,-0.988328208,-1.015653486,0.81276285,1.127094999,0.208210886,1.242570609
187.nii.gz,1.196130905,-0.863036172,0.711730028,1.089607672,1.961094447,-0.842478981,-1.58584755
188.nii.gz,-0.257355496,-2.893743444,-0.670041249,1.443087739,1.870024637,-0.125718278,-0.686554008
189.nii.gz,-1.639940121,-0.425327634,-2.200222486,-1.447018933,2.627404175,1.289311458,0.245258351
19.nii.gz,1.479738007,-2.018326367,0.627698817,1.500564173,-0.453653271,-1.332336583,-1.18665191
190.nii.gz,0.13260427,-2.172907449,-0.362039755,1.004350962,-0.225644074,0.576818063,-0.323956568
191.nii.gz,0.345309597,0.315034392,-0.460640893,0.243746157,2.326279268,0.697283696,0.078180402
192.nii.gz,1.125229129,-0.522957791,0.483693719,0.657576479,-0.145204981,-0.625778181,0.876813389
193.nii.gz,0.94797469,-2.093176154,0.192972837,0.639375609,1.352938679,0.08499848,-1.021232776
194.nii.gz,0.451662261,1.205095993,1.079705409,0.077064499,0.179740607,-0.42575422,-0.437487379
195.nii.gz,0.983425578,-0.337460492,-1.487651374,0.528254504,1.19332043,0.549644627,1.697142028
196.nii.gz,2.224206652,-0.82235694,0.665987232,0.628838262,-0.798285372,-1.995878553,0.122694261
197.nii.gz,-0.363708159,1.258792579,-0.128243242,0.016714244,0.409875947,0.046494603,0.894507875
198.nii.gz,0.877072914,0.163707648,-1.82953642,-0.114523613,-0.400499685,0.697136547,0.040654139
199.nii.gz,-0.576413486,0.168589156,-0.099442222,-1.197954388,0.449760823,0.459148254,-0.10090175
2.nii.gz,0.593465812,-1.961375442,0.682590173,0.823300196,-0.370969915,-0.131162775,-0.206801594
20.nii.gz,-0.044650169,1.322252181,2.034543923,-0.734311156,-1.059131673,-0.38759369,0.247299805
200.nii.gz,-0.68276615,-0.968802176,-2.070787315,-1.990171232,0.781439199,0.712783346,0.100300977
201.nii.gz,0.026251607,0.417546057,-1.186765426,0.549329196,0.790809979,0.133312262,-1.071797007
202.nii.gz,1.054327354,-0.371631047,-0.707990828,-1.255430821,0.226397644,1.143977717,0.541561012
203.nii.gz,-0.860020589,-1.193351538,-1.417851255,-2.286174865,0.119736115,0.451545578,-0.911095698
204.nii.gz,-0.257355496,-1.665230631,-1.158303242,-1.066716531,1.5111395,0.641710584,0.562030524
205.nii.gz,-1.143627691,0.66324862,-0.786939505,-1.08204358,1.356324759,1.572032918,-0.51280416
206.nii.gz,0.664367588,-1.889779993,0.087256153,0.536875969,0.680211148,0.159749956,-0.961540134
207.nii.gz,2.0824031,-2.207078004,0.229905909,0.672903528,1.120401584,-1.962230579,-0.312925525
208.nii.gz,0.309858709,0.126282755,1.193215311,-0.029266903,-1.208237324,0.778117312,-1.125581621
209.nii.gz,1.160680017,-1.479733332,0.170948528,1.795609866,1.142489852,-1.999312019,0.215377148
21.nii.gz,-0.044650169,0.272727991,0.064554172,-0.513026886,1.385185188,-0.026147743,0.379544773
210.nii.gz,0.806171139,-0.531093638,-1.047842861,0.125919468,-0.701033996,0.761783821,0.650269706
211.nii.gz,0.877072914,0.404528703,-0.48435938,0.410427815,1.82817111,1.945005503,1.382903175
212.nii.gz,0.6289167,-0.047824359,-1.612004012,-1.205617912,-0.001296569,0.221258059,0.091556617
213.nii.gz,0.168055158,-0.5489925,-0.420658301,0.787856396,0.358572894,0.79587324,0.22466552
214.nii.gz,0.877072914,0.664875789,-1.293498617,-1.033188611,0.490708771,0.967448477,0.168597747
215.nii.gz,0.593465812,0.074213337,0.051678422,0.341456094,-0.120124363,-2.423247061,-0.013312282
216.nii.gz,-0.363708159,-0.350477847,-1.912889959,0.42000722,0.392906173,1.670033868,1.025424523
217.nii.gz,0.593465812,-2.926286829,-3.213679545,-1.109823856,0.216633133,1.038766486,0.019007814
218.nii.gz,-0.080101057,-0.099893776,-0.817434703,0.229377048,1.161349532,1.056375266,0.95074759
219.nii.gz,-0.399159047,0.407783042,-2.049101841,-1.134730311,0.684424062,1.184149277,-0.092297621
22.nii.gz,-1.00182414,0.635586742,1.609305337,1.117387949,-0.728595115,0.741084921,1.122949963
220.nii.gz,1.586090671,-1.860490946,0.355952725,0.329960807,-0.251000303,0.234550481,-1.025888589
221.nii.gz,0.593465812,-0.789813554,-0.509433209,-0.705572939,1.752771764,2.356727213,0.33433751
222.nii.gz,-1.533587457,-0.802830909,-2.313393551,-1.518864476,1.57618374,0.9702443,0.216508158
223.nii.gz,0.026251607,-0.199151103,-1.008537939,-0.09249098,0.456336119,1.371518461,0.325425436
224.nii.gz,0.026251607,0.293881191,-1.076305045,0.701641745,2.501646729,0.312588274,0.050824769
225.nii.gz,0.097153382,0.3199159,-1.699084742,-1.079169758,0.229783724,1.372940898,0.383908849
226.nii.gz,-0.718217037,-0.700319244,-1.007860268,-0.168168284,0.331287386,-0.806967125,-0.686332738
227.nii.gz,-0.576413486,1.436154031,-0.758138486,-1.907788343,2.054920369,0.700373816,0.331207326
228.nii.gz,0.6289167,-0.578281547,-1.342629768,0.135498873,0.468344892,1.477171137,1.778459855
229.nii.gz,0.877072914,-1.456952962,0.167221337,0.89706162,-0.491175765,0.204973617,-1.376755944
23.nii.gz,0.380760485,-1.18847003,0.947559554,-0.43351782,-1.060312864,0.247941001,-0.319573465
230.nii.gz,1.196130905,0.295508361,0.377299363,0.399890468,0.681904188,0.467486673,0.465836222
231.nii.gz,0.345309597,-0.428581972,0.284797265,-0.124103019,1.304627976,1.204210533,1.662109623
232.nii.gz,0.487113148,0.541210923,-0.045567374,-0.219897075,0.369282357,2.331859104,-0.236553135
233.nii.gz,0.841622027,-1.650586108,-1.172195499,0.825216077,-0.87084986,-0.694447516,0.524652948
234.nii.gz,-0.753667925,-0.002263619,-0.642934407,0.694936161,-1.794304824,-0.740063574,-0.163554043
235.nii.gz,-1.108176803,1.707891303,0.271921515,-0.328144358,0.451808221,-0.757525204,-0.731639361
236.nii.gz,0.912523802,0.184860849,-0.542300255,-0.584872428,0.094931108,1.553786495,1.411045935
237.nii.gz,-1.604489233,0.204386881,-1.900014209,-1.279379335,-0.356244403,1.510377666,-0.720556172
238.nii.gz,-0.50551171,-1.496005025,-1.358555038,0.907598966,0.201592637,0.48328062,0.840751448
239.nii.gz,0.416211373,-0.049451528,1.161703607,-0.103028326,-2.068656073,-0.919045289,-1.281200786
24.nii.gz,0.841622027,0.235303097,2.006420574,0.267694671,0.50319002,-0.040715452,-0.148943936
240.nii.gz,-1.214529467,-1.084331196,0.470479133,-0.482372788,-1.144334902,-0.050770604,-0.150758484
241.nii.gz,-0.824569701,-0.124301316,-0.441327268,0.162321209,-0.953611962,-0.928757095,-1.168491631
242.nii.gz,-0.68276615,-0.049451528,0.665309561,1.020635952,0.363494522,0.174710061,-0.952506151
243.nii.gz,1.302483568,-0.202405441,0.613806561,0.257157325,-0.958021741,0.275604933,0.518521537
244.nii.gz,-1.214529467,0.402901534,-1.256226709,-0.825315509,-0.16158416,-0.118017502,-0.154028194
245.nii.gz,-0.789118813,0.487514337,-0.396600979,-1.500663605,0.555792384,-0.837868326,-1.242465294
246.nii.gz,-0.50551171,-0.134064331,-1.862742301,-1.363678105,1.18851692,1.306037346,0.258521816
247.nii.gz,-0.966373252,3.365976807,1.633701495,-1.011155978,-0.311949748,-3.091252536,1.089603855
248.nii.gz,-2.419859653,-0.174743564,-0.774063755,-2.330240131,1.253876144,-0.970449191,0.186144955
249.nii.gz,-2.13625255,-0.121046977,1.208462909,-0.82627345,-0.154615134,0.559307383,-0.420100133
25.nii.gz,1.515188895,-1.063177995,0.828628284,0.557950661,-1.07873944,-1.150657144,-0.452589352
250.nii.gz,1.373385344,-0.04619719,1.232520232,0.529212444,-0.770409269,-1.746952215,-1.5619082
251.nii.gz,-0.860020589,-0.174743564,-0.873342564,0.14603622,0.29191436,0.247156208,-0.385587076
252.nii.gz,-0.151002832,-0.156844701,-0.445393295,-0.479498967,-1.006174952,-0.828499867,-0.985363212
253.nii.gz,-0.470060823,-0.418818957,-1.127469209,-0.453634572,0.914953132,0.018732572,-0.178025328
254.nii.gz,0.983425578,0.204386881,0.796777745,1.269700498,-0.368804398,-2.031782805,-1.562989178
255.nii.gz,0.877072914,-1.616415553,-0.697486926,0.647039133,1.104652374,-0.303424705,-1.416414566
256.nii.gz,-1.249980355,0.905696844,-0.926878578,-1.006366275,2.316514758,1.387263359,-0.65653046
257.nii.gz,-1.214529467,-0.06897756,-1.802090742,-0.575293023,-0.158473691,-0.415110473,-1.187983753
258.nii.gz,-0.860020589,0.437072089,0.040158015,-0.28024733,-0.01133669,-0.692583634,0.617626163
259.nii.gz,0.877072914,0.472869813,0.439983936,0.882692511,0.272227847,-0.182419528,-0.219571079
26.nii.gz,0.168055158,-0.874426357,2.048097344,-0.056089239,0.754744287,-2.025896862,-0.190867395
260.nii.gz,-0.080101057,-2.578072602,0.270905008,1.322387229,2.148391934,0.129143052,-1.404333551
261.nii.gz,-0.470060823,-0.802830909,-1.766174176,-2.713416355,0.107254865,-0.38450357,0.618807909
262.nii.gz,-1.143627691,0.500531691,-1.678754611,-0.626063873,1.343252915,0.457823917,0.059076559
263.nii.gz,0.168055158,-0.522957791,0.754084469,-0.513984827,-1.546924099,-0.70533651,-0.466133279
264.nii.gz,-0.257355496,0.899188166,-0.80625313,-1.616574413,0.917197394,0.900495876,0.558138583
265.nii.gz,0.558014924,-0.313052953,0.213641804,1.633717911,-0.814507059,-1.542464747,-0.211422878
266.nii.gz,0.13260427,1.044006233,0.337994442,-0.420106652,0.660091531,0.488038424,0.972004933
267.nii.gz,0.274407822,-0.576654378,-1.436148374,-0.103028326,0.531499226,-0.119734236,-0.329455177
268.nii.gz,-0.080101057,-1.098975719,-1.019041841,-1.62902764,0.133083571,0.311214888,-0.214109818
269.nii.gz,-0.080101057,-0.174743564,-1.689597347,0.141246517,0.704661797,1.096546826,0.751217067
27.nii.gz,0.487113148,-1.422782407,-0.094020854,0.31750758,0.187221482,-2.051942159,-0.944379794
270.nii.gz,1.337934456,-0.441599327,-0.882152288,-0.733353215,-0.383569283,0.793764111,-0.545769037
271.nii.gz,-0.540962598,-1.648958938,-1.773628558,-1.463303923,0.945427854,0.024912812,-0.103329369
272.nii.gz,-0.009199281,0.367103809,-1.132212907,0.614469154,0.634735302,0.66182089,-0.293255119
273.nii.gz,1.018876466,1.787622598,2.241911265,-0.783166125,0.352115718,0.111534273,-0.852949827
274.nii.gz,-0.718217037,1.030988879,-1.807173275,-2.258394589,1.464797448,0.681833096,-0.721960597
275.nii.gz,-0.080101057,1.73718035,-0.823194907,-0.036930428,0.263211424,-0.761547265,-0.332135775
276.nii.gz,-0.895471477,0.876407796,-1.68790317,-1.197954388,1.593271633,2.00209915,-0.277916375
277.nii.gz,0.94797469,-1.168943998,0.4396451,1.604021754,1.656268476,-0.950191737,-1.969722768
278.nii.gz,-0.576413486,-0.95903916,-0.759493828,0.45353514,0.275141451,-0.335503095,-0.689934352
279.nii.gz,1.550639783,-0.270746552,0.413215929,0.899935441,0.222381595,-1.760686082,-1.562598081
28.nii.gz,1.160680017,-2.264028929,1.554075146,-0.629895635,-0.959951019,-0.468525405,-0.547145275
280.nii.gz,-0.292806384,-0.627096626,-0.175002545,0.332834629,0.034454139,-0.212830233,-0.446188049
281.nii.gz,-2.029899887,0.381748333,-0.637851874,-0.254382935,0.275732046,0.991139398,-0.385088164
282.nii.gz,-1.214529467,0.702300683,-2.025044519,-1.634775283,2.939002307,2.911379237,1.009297947
283.nii.gz,1.231581793,-0.207286949,-1.828519913,0.944000707,0.299907084,0.707780294,-0.199716752
284.nii.gz,0.026251607,-1.216131908,-0.938398986,0.081854202,0.011381546,0.380570915,0.287830819
285.nii.gz,0.309858709,0.152317463,-0.606001334,-1.097370629,-0.987275899,0.796658033,1.666568127
286.nii.gz,-0.009199281,0.007499397,-0.341370788,-0.428728117,1.140088098,0.616695327,-0.823502002
287.nii.gz,0.699818475,-0.109656792,-0.392196117,0.28302172,0.264038257,0.494267713,1.490889573
288.nii.gz,2.224206652,0.119774078,-0.228199722,-0.45171869,-0.688316509,0.319994752,-0.538958316
289.nii.gz,-0.576413486,-1.500886533,-1.531022321,-0.971880415,0.861799546,0.93723397,0.152058934
29.nii.gz,-0.292806384,1.73718035,2.42556012,-2.31203926,0.476691974,-0.838947415,-0.227605828
290.nii.gz,-2.100801662,1.008208509,-0.723238426,-0.807114639,1.290335567,-0.08520337,-0.135294306
291.nii.gz,0.522564036,1.548428712,-0.34882517,-1.170174111,0.618198631,0.049143278,-0.490981665
292.nii.gz,0.94797469,0.243438943,-0.208886097,-1.32152872,0.539255713,-0.576924855,-1.069315833
293.nii.gz,1.231581793,-1.426036746,-0.653777143,-0.190200917,0.651035735,2.445703051,1.065515817
294.nii.gz,-0.292806384,-1.496005025,-0.530441012,-1.825405455,1.726234344,0.578927193,-0.790675946
295.nii.gz,-0.044650169,-0.566891362,0.302077876,0.65853442,-0.12047872,0.930219888,-0.815665268
296.nii.gz,-0.009199281,0.601416187,-0.895028038,0.486105119,2.201191163,0.721416062,-0.337611835
297.nii.gz,-0.824569701,-0.75401583,-1.169145979,-1.141435894,2.227846702,1.248404155,-0.337013563
298.nii.gz,-0.434609935,0.031906936,-0.622943111,-1.317696958,0.761752686,0.813531069,-0.073641953
299.nii.gz,1.302483568,0.134418601,-1.531022321,-0.258214697,1.107487232,1.790107104,2.38477541
3.nii.gz,-0.930922364,-0.121046977,-0.913663992,-1.096412688,0.518073024,0.590699079,-0.287308335
30.nii.gz,-0.399159047,-1.0045999,0.836421501,-0.970922475,-1.910100895,0.297922466,-0.425713605
300.nii.gz,0.416211373,0.035161275,-1.033950604,1.269700498,0.313136421,0.762323366,-0.065443719
301.nii.gz,-0.434609935,-0.249593351,-0.157044262,-1.742064626,2.84706629,1.330316861,0.286489815
302.nii.gz,-0.966373252,-1.390239022,-0.822517236,1.395190711,1.34175674,-0.586195215,-0.268100903
303.nii.gz,-1.81719456,0.759251608,1.235230916,-0.985291583,0.506300489,0.11805786,-0.595998546
304.nii.gz,0.877072914,0.5265664,-0.462673907,0.485147178,0.814670033,1.427434919,2.003323583
305.nii.gz,-0.009199281,-1.995545997,-0.32307367,0.832879602,-0.207650601,0.655444451,0.139818662
306.nii.gz,-0.470060823,-0.784932047,-0.489103078,-1.744938448,0.366447499,-0.490646741,-0.738262638
307.nii.gz,-0.328257271,0.035161275,-0.69037138,0.126877408,0.841601184,0.685217513,0.107570444
308.nii.gz,-0.540962598,0.61768788,-0.195671512,0.487063059,0.355816782,-0.438065651,-0.272699637
309.nii.gz,-0.221904608,-1.406510715,-2.314410058,-1.688419955,0.331562998,1.381083119,1.748945085
31.nii.gz,-0.68276615,0.29713553,-0.638529545,-0.96325895,-1.967467395,-0.029237863,0.799857525
310.nii.gz,-1.356333018,-1.48461484,-0.331544558,-1.656807916,-0.085791084,-0.23897363,-0.874811079
311.nii.gz,0.203506046,-0.431836311,-1.372447295,-1.329192244,1.518344764,2.467824386,0.113579945
312.nii.gz,-0.753667925,0.620942218,0.258706929,-1.285126979,-1.4167175,0.355899004,-0.022329353
313.nii.gz,-1.604489233,-0.734489799,0.156039765,-0.266836162,-0.430580677,1.194743975,-0.698179095
314.nii.gz,1.089778241,0.287372514,-1.421917282,0.36827843,0.538783236,1.071188222,0.65102935
315.nii.gz,0.699818475,-1.019244424,-1.228442196,-0.083869515,-0.800490261,1.172573589,0.438765984
316.nii.gz,0.770720251,-0.171489225,0.181113594,-0.125060959,-0.956801177,-1.922451414,-1.489660296
317.nii.gz,-0.009199281,-0.43346348,-0.952291242,-0.368377862,-0.27879766,0.047132247,1.249014192
318.nii.gz,0.593465812,-0.41231028,-0.549754637,0.83000578,-0.120281855,-0.229948518,0.617364022
319.nii.gz,-0.576413486,1.222994855,-1.261986913,-0.099196564,1.373530772,0.179762162,0.8035437
32.nii.gz,1.940599549,-1.147790798,0.889618679,-0.050341595,-0.420658674,-0.399169378,-2.197400279
320.nii.gz,0.309858709,0.892679489,-0.2298939,0.054073926,1.179894228,-0.081475607,0.142545769
321.nii.gz,-1.143627691,-2.05575126,-0.555176005,-2.752691918,-0.021534304,-0.896825854,-0.238441674
322.nii.gz,0.309858709,-0.687301889,-0.730015137,-0.011066032,-0.920696112,0.777626817,-0.319359243
323.nii.gz,-0.930922364,-0.238203166,-0.207869591,-0.834894915,0.395307928,-0.191640839,-0.943847057
324.nii.gz,-1.037275028,-1.190097199,-0.092326676,-0.510153065,3.171460656,1.060348277,-0.165137456
325.nii.gz,-2.13625255,0.199505373,0.17908058,-0.270667924,2.516608479,0.12011794,0.590917424
326.nii.gz,0.664367588,-0.801203739,-0.55178765,0.235124692,-0.003107728,-2.550824874,-0.718525287
327.nii.gz,0.13260427,-0.16009904,-0.782195808,0.552203018,-0.021652423,1.291077241,0.311190219
328.nii.gz,-0.824569701,-0.267492213,-0.018460532,0.280147898,0.024138406,0.038842877,0.549302614
329.nii.gz,1.089778241,0.61606071,-0.31697463,-0.244803529,0.186315903,-0.040421154,-1.042300559
33.nii.gz,1.586090671,-1.087585534,0.444049962,0.93154748,1.495823393,-0.926893213,-0.916058751
330.nii.gz,1.089778241,-0.757270169,0.108263955,1.091523553,0.300064576,-2.068128502,-0.00012915
331.nii.gz,0.770720251,0.352459286,-1.323654979,0.94974835,2.155321587,1.355577366,0.074554125
332.nii.gz,1.869697773,-1.55295595,0.035075482,1.677783177,1.205132338,-0.423301744,-0.322787506
333.nii.gz,-0.824569701,-1.185215691,-1.539493209,-0.96230101,2.075709327,0.717639249,-0.760880715
334.nii.gz,-0.151002832,0.350832116,0.265822475,0.133582992,0.05618805,0.419123842,-1.018736098
335.nii.gz,-2.100801662,-0.929750113,0.470817969,-0.918235744,2.161975629,0.142043077,0.394328935
336.nii.gz,0.380760485,0.459852459,-0.296305663,-1.127066786,1.268798521,0.832660384,0.083686763
337.nii.gz,0.168055158,-0.304917107,-0.752039446,1.328134872,0.589220083,0.653629619,0.056601726
338.nii.gz,-0.399159047,-0.771914692,-2.18023119,-0.48524661,0.934954629,0.758840849,-1.393160163
339.nii.gz,-0.257355496,-0.187760918,-1.033272933,-0.636601219,0.490866263,0.026040951,-1.156992681
34.nii.gz,-1.072725916,0.832474226,-0.366444617,-0.525480114,1.639968043,-0.222836337,-1.143590394
340.nii.gz,-0.789118813,-0.277255229,-1.125436196,-1.505453308,0.478936236,0.547878844,-1.291171992
341.nii.gz,2.614166418,-0.287018244,-0.885540643,1.503437995,1.315298066,0.882641849,-1.178319082
342.nii.gz,0.13260427,-0.978565192,-0.329511545,0.742833189,2.549918059,-1.513574577,-0.930205884
343.nii.gz,0.593465812,-0.439972157,-0.34577565,-0.145177711,1.150206966,1.365240122,0.293490095
344.nii.gz,-0.860020589,-0.246339012,-1.200318847,-0.611694764,2.938214847,1.471088996,-0.875140869
345.nii.gz,-1.143627691,-0.036434174,-0.034385801,-1.131856489,-0.148197331,-0.025166752,-1.439620345
346.nii.gz,1.26703268,0.040042782,-0.576861479,0.381689598,1.007519117,0.95582374,0.320909854
347.nii.gz,1.302483568,-0.638486811,-1.391083249,-0.057047179,0.763209488,1.40874705,0.701918438
348.nii.gz,-0.860020589,-0.846764479,-0.427096176,-1.276505514,0.937198892,0.36771994,-0.537916801
349.nii.gz,1.550639783,0.240184605,0.032703633,1.707479334,1.411132012,0.821133746,-0.473468986
35.nii.gz,0.735269363,-0.9834467,0.517577271,-0.242887648,-0.932744258,1.389372488,-0.015539772
350.nii.gz,1.408836232,0.233675928,0.7486631,1.810936915,2.32824792,-2.337557541,-2.099015131
351.nii.gz,0.13260427,-2.140364063,1.378897179,0.768697584,1.827462395,-0.623767151,-1.591642125
352.nii.gz,1.196130905,-0.335833323,-1.190492617,0.962201578,1.019606636,0.916044576,-0.571175529
353.nii.gz,0.416211373,0.27435516,-0.666314058,-0.284079092,-0.489837082,0.750159083,1.54688265
354.nii.gz,0.416211373,-0.09175793,-0.03980717,1.499606232,0.888809442,0.442471415,1.242606547
355.nii.gz,-1.32088213,0.552601108,0.900461416,-1.401995727,-0.865180144,0.562789899,-0.038194492
356.nii.gz,-0.540962598,-0.955784822,0.760183508,-1.118445321,-0.499129116,-0.181732835,-0.304917555
357.nii.gz,-0.68276615,0.795049332,0.343754646,-1.263094346,1.571262111,0.407008609,-0.254506238
358.nii.gz,0.664367588,0.699046344,-0.778807453,-0.307069666,0.096702894,-0.502369577,-0.2880863
359.nii.gz,-1.498136569,0.275982329,-0.760510334,-1.906830403,2.64945307,1.693920987,0.161889909
36.nii.gz,-1.427234794,-0.45787102,2.00370989,1.2390464,-1.490975028,1.675135019,-0.92133891
360.nii.gz,-0.576413486,-0.109656792,-1.311118065,0.040662758,0.607804152,0.576621865,0.715658267
361.nii.gz,-1.356333018,-1.05178781,-1.211839255,-2.006456221,1.227850574,0.011277045,-0.376559435
362.nii.gz,1.834246886,-1.087585534,0.494875291,1.331966634,-0.150717204,-0.135037687,1.33900591
363.nii.gz,-1.781743672,1.416628,0.595509442,-0.883749884,-0.675559648,0.054587775,0.234178685
364.nii.gz,1.26703268,0.196251034,0.528758844,1.081944148,0.574652064,-1.451625027,-0.864751788
365.nii.gz,-0.363708159,-1.435799762,-0.995323354,-1.62902764,-1.365808177,-0.361205045,-0.871830992
366.nii.gz,-0.895471477,-0.147081686,-0.793716216,-0.785082006,2.544366462,1.088110308,-0.707537935
367.nii.gz,0.487113148,0.606297695,-1.183715907,-1.519822416,1.475034435,1.964232917,-0.37455251
368.nii.gz,1.018876466,0.360595132,0.082512455,1.163369096,-0.632682422,0.127965864,1.239777262
369.nii.gz,1.018876466,1.421509508,-0.056071275,0.869281343,-0.135086113,0.471263486,1.223493543
37.nii.gz,-0.044650169,-2.342133055,-0.395923308,0.221713524,-0.475465927,0.371153407,-1.069308081
370.nii.gz,-1.037275028,2.287163569,-0.645983926,0.113466241,0.163282682,-1.218100241,-0.4922219
371.nii.gz,1.337934456,0.910578351,1.46665558,0.695894102,-0.638234019,-0.204050369,0.363208907
372.nii.gz,-0.434609935,0.293881191,-0.88655715,-0.702699117,-0.772023563,-1.20367968,0.67354243
373.nii.gz,0.061702495,1.079803957,-0.272587176,0.545497434,0.934088423,1.129508107,-0.411643282
374.nii.gz,1.018876466,-1.720554387,0.142147508,-0.561881855,-2.605192306,-0.147103871,-0.019738248
375.nii.gz,-0.68276615,2.220449628,-0.916374676,-0.009150151,-0.25096093,-0.387250343,0.527184859
376.nii.gz,1.089778241,1.579344929,-0.229216229,0.285895542,-0.288601543,0.065967264,2.602226622
377.nii.gz,0.770720251,-0.45624385,0.07607458,0.372110192,-0.744619937,-0.335012599,-0.6685551
378.nii.gz,-1.994448999,-1.191724369,1.906802929,0.358699024,2.029406648,3.191991568,0.051840211
379.nii.gz,1.656992447,-1.331660927,-0.388130091,0.578067413,0.164070143,0.82481246,0.391834372
38.nii.gz,2.330559315,-0.049451528,-0.785245328,0.190101485,-0.587049085,0.45855966,0.859063233
380.nii.gz,0.13260427,0.967529277,1.692997712,0.279189958,-0.186113555,0.776940124,0.550057325
381.nii.gz,-0.576413486,0.240184605,-0.135358788,0.18148002,-1.029365665,-0.379255271,-0.769911174
382.nii.gz,-0.18645372,1.270182764,-0.137052966,-1.215197318,0.204584987,-1.07992773,-0.13085483
383.nii.gz,0.699818475,1.517512496,-0.565341071,0.046410401,-0.248637921,-0.177171229,0.749352486
384.nii.gz,0.026251607,0.886170812,-0.556870183,0.499516287,0.21151464,-0.298666902,-0.248405833
385.nii.gz,0.558014924,0.964274938,0.846247732,0.930589539,-0.236589775,-1.952175426,-0.306301544
386.nii.gz,0.558014924,1.104211497,-0.023543064,-0.293658498,0.767068044,0.511287898,0.1887572
387.nii.gz,-1.285431243,1.071668111,-0.465384591,0.879818689,0.726907557,0.313814512,1.772816786
388.nii.gz,-0.434609935,-1.238912278,-0.823194907,0.850122532,-1.060076625,0.591336723,-0.026124753
389.nii.gz,-0.576413486,1.554937389,1.621503416,0.268652611,-0.210052355,-0.332314875,-0.610352854
39.nii.gz,1.479738007,0.105129554,1.323328153,0.103886835,-2.077829989,0.597860309,0.764522813
390.nii.gz,1.231581793,-1.938595072,0.476239337,-0.540807163,-1.107836107,-0.251579358,-1.87751554
391.nii.gz,0.841622027,0.152317463,-0.231249242,-0.340597585,-0.298011697,0.171423742,0.749956396
392.nii.gz,-0.718217037,2.357131848,-0.266488137,-0.50248954,0.849554535,0.605266788,-1.201790526
393.nii.gz,-0.576413486,-0.129182824,-0.217695821,0.605847689,0.217971816,-1.425236383,0.160113413
394.nii.gz,-0.470060823,1.810402968,0.30411089,0.59052064,0.736553949,-0.208661024,-1.074474787
395.nii.gz,0.664367588,0.438699258,-0.467756439,1.109724424,0.515789389,0.798914311,0.894302109
396.nii.gz,0.94797469,-0.230067319,-0.003551768,-0.491952194,-0.724775931,0.424617388,1.078330402
397.nii.gz,-0.50551171,1.473578925,0.823884587,0.628838262,-0.166702653,0.235188124,-0.123144938
398.nii.gz,-0.18645372,0.63884108,-0.757460814,0.894187798,0.756712938,1.59140748,0.666873349
399.nii.gz,2.153304876,0.476124152,1.257255225,0.979444508,0.729466804,-3.627609088,-1.935116694
4.nii.gz,0.380760485,-0.492041575,-0.875714413,-0.797535233,-2.732564047,-2.228520448,0.100328459
40.nii.gz,1.302483568,-0.622215118,0.657177508,0.694936161,0.901093827,-1.424696838,-1.056689397
400.nii.gz,-0.399159047,0.321543069,0.47149564,0.150825922,-0.44298318,0.355751856,-0.719084802
401.nii.gz,0.309858709,0.861763273,-0.72222192,0.997645378,0.765768734,-0.17398301,0.694512263
402.nii.gz,-0.860020589,0.943121737,0.647012442,-0.60403124,0.487125826,0.57407129,0.864636538
403.nii.gz,-0.647315262,1.398729138,-1.728224597,0.374026073,1.092131751,0.335347254,0.619484401
404.nii.gz,-0.68276615,1.237639378,-0.719511236,0.200638832,1.185327705,0.204090726,0.550355405
405.nii.gz,-0.966373252,-0.483905728,1.249462008,-0.065668644,1.363569396,-1.231686959,-1.077625406
406.nii.gz,-0.399159047,1.157908083,-0.44878165,0.121129765,1.1654837,-0.054939814,-0.744044528
407.nii.gz,0.451662261,-0.218677134,-0.287834775,1.509185638,-0.295609942,1.031899553,0.372213294
408.nii.gz,-0.044650169,0.769014623,-1.34703463,-1.150057359,0.489330715,0.487498879,-0.609655927
409.nii.gz,0.203506046,1.079803957,0.742225225,0.753370535,0.859752149,0.217873642,-0.259092993
41.nii.gz,0.664367588,-0.89232522,-1.659779821,-0.286952914,-0.129337651,1.120728242,0.153027867
410.nii.gz,-0.966373252,1.753452043,-0.703585966,0.024377768,0.573667738,-0.185656797,-0.241834703
411.nii.gz,-0.966373252,1.292963134,0.101487245,0.547413315,-0.207060005,-0.924048341,-1.064114598
412.nii.gz,-0.292806384,-0.942767467,-0.331544558,-0.339639645,0.145328582,-0.675023904,0.388926162
413.nii.gz,-0.221904608,1.070040942,1.1091841,0.079938321,-0.724421574,0.513740375,-0.340257904
414.nii.gz,0.168055158,0.463106797,0.081495949,0.885566333,-0.565669531,-1.095034983,-0.927724005
415.nii.gz,-0.328257271,1.070040942,0.04659589,-0.593493893,0.933812812,0.728430144,0.528079801
416.nii.gz,-0.930922364,0.990309647,0.781530146,0.715052913,-0.895103644,1.274841848,-1.197321452
417.nii.gz,0.168055158,0.358967963,-0.235654104,-0.574335082,-1.251035804,-0.532633134,1.228567935
418.nii.gz,-1.00182414,0.52493923,0.336977936,-0.255340875,-0.929161312,0.443403356,0.217960501
419.nii.gz,-0.328257271,0.380121164,0.324441021,0.540707731,0.040556958,0.707093601,1.040358782
42.nii.gz,-0.257355496,0.464733967,0.79338939,1.537923855,-0.117525743,-0.02948311,-0.207172255
420.nii.gz,-1.81719456,0.108383893,-0.303421209,-1.000618632,0.295497305,-0.147349118,0.111259437
421.nii.gz,-0.718217037,0.123028416,-0.588043051,-1.080127699,0.208443544,-0.916249466,-0.992615062
422.nii.gz,0.097153382,1.429645354,0.011356995,0.314633758,-0.489482725,-0.383522579,0.679952189
423.nii.gz,0.770720251,-0.66289435,-0.704602472,1.355915148,-0.692844407,-1.09532928,-0.098048505
424.nii.gz,0.238956934,1.14163639,-0.345436814,-0.181579452,-0.205957561,0.269964237,0.229248752
425.nii.gz,0.735269363,2.643513643,0.187890304,-0.376999327,0.656154228,-1.25424974,-0.329856844
426.nii.gz,0.841622027,0.586771663,-0.781179301,-0.200738263,-0.895733613,0.746872765,2.340876736
427.nii.gz,-0.789118813,1.535411358,-0.077417913,-0.543680984,-0.335297953,-0.014964451,0.7174404
428.nii.gz,0.274407822,1.390593291,1.181356067,-0.436391641,0.289906336,-1.004931007,0.340951626
429.nii.gz,-0.753667925,1.924304818,-0.637513038,-1.582088553,1.002715608,0.574659884,0.784000136
43.nii.gz,-0.753667925,2.505204254,1.368732113,0.725590259,0.758012248,0.093582147,-0.120369208
430.nii.gz,0.309858709,-0.195896764,-0.653438308,1.433508334,0.139147017,0.991777042,0.250778805
431.nii.gz,0.806171139,-0.220304304,-0.338660104,0.828089899,-0.389238999,-0.440567176,-0.214183809
432.nii.gz,-1.604489233,0.243438943,-0.559242032,-1.257346702,-1.314898853,-0.558433184,-0.560140962
433.nii.gz,-0.860020589,1.009835678,0.788306857,0.79456198,-1.005544984,-0.558089837,-1.318519874
434.nii.gz,0.13260427,-0.028298328,-1.161691597,0.367320489,-0.558582386,-1.220699865,1.091751011
435.nii.gz,-1.675391009,0.020516751,-0.801848268,-0.771670838,1.681782197,-0.096386662,-0.320961683
436.nii.gz,0.380760485,0.350832116,1.144422995,-0.292700557,-0.349393496,-0.506489737,0.341457585
437.nii.gz,-1.639940121,0.629078065,-1.375157979,-1.49300008,1.334197119,1.257674515,-0.140382088
438.nii.gz,-0.292806384,1.133500544,-0.824211413,-0.051299536,0.044376142,-0.867494239,0.446680937
439.nii.gz,0.274407822,1.48496911,0.485387896,-0.662465614,0.100167721,0.664518613,-0.602252571
44.nii.gz,-1.072725916,-1.266574156,1.715360857,0.732295843,-1.262375236,0.105403082,-0.173737357
440.nii.gz,0.238956934,1.636295854,-0.610406196,0.18052208,1.180169839,1.23030488,-0.09963967
441.nii.gz,-0.221904608,-0.192642426,-0.682239328,0.974654805,-0.144693131,-1.199510471,0.717006317
442.nii.gz,0.983425578,0.105129554,-0.332561064,0.684398815,-1.000072133,0.763647703,-0.480134543
443.nii.gz,-0.753667925,2.093530424,-1.205062545,-1.033188611,1.182965324,-0.33182438,-0.35891921
444.nii.gz,1.515188895,0.588398832,0.077768758,0.430544566,1.031142933,0.375813111,1.30149515
445.nii.gz,0.912523802,0.536329415,0.135370797,1.695026107,-0.030511354,-0.851111697,0.520338199
446.nii.gz,0.097153382,-0.562009854,-1.196252821,-0.588704191,0.971768409,0.155580746,1.155548407
447.nii.gz,-0.221904608,0.742979915,0.289879797,0.631712084,-0.588072783,0.982899078,0.081321156
448.nii.gz,-1.533587457,0.969156446,0.351886699,0.034915115,0.687495158,-0.517918277,0.282046815
449.nii.gz,0.841622027,-0.711709429,-0.820823058,1.294606952,-1.578540639,-0.822761072,-0.087138667
45.nii.gz,0.309858709,1.838064846,1.924422377,1.028299476,-2.109013426,-0.447826506,1.472309306
450.nii.gz,3.039577071,-0.431836311,0.802876784,-0.175831809,-1.135397225,-0.584772779,0.509810297
451.nii.gz,-0.611864374,3.165834985,-0.363056262,-0.560923914,1.444638458,0.893334646,-1.115711889
452.nii.gz,0.94797469,0.795049332,-0.543655597,-0.316649071,-0.106698161,0.839331119,-0.654216999
453.nii.gz,-1.037275028,0.300389869,0.366456626,-0.51877453,0.128476927,-0.718579882,-0.394045337
454.nii.gz,-0.789118813,-0.552246838,0.702581469,-2.312997201,-0.20387079,-1.0313687,1.166806356
455.nii.gz,0.238956934,1.236012209,0.341382797,0.784024633,0.640011288,-1.099057044,-0.294131035
456.nii.gz,-1.604489233,-0.003890788,0.032025962,-1.344519293,-0.106028819,-0.006331735,-0.461824873
457.nii.gz,-1.108176803,0.520057722,-1.177278032,-1.145267657,0.493504256,-0.30087413,0.404106354
458.nii.gz,-0.363708159,-0.002263619,-0.4616574,0.887482214,0.877155026,1.323891373,-1.493056143
459.nii.gz,0.6289167,0.131164263,0.682251337,1.76782959,-1.006450563,-1.426904067,-1.002011955
46.nii.gz,0.274407822,-1.069686672,-0.459963222,-0.018729557,-0.550471543,0.129780696,1.292716966
460.nii.gz,-0.115551944,-1.44068127,-0.042179018,0.121129765,-0.768637483,-2.165933254,-2.472070005
461.nii.gz,0.274407822,-1.66848497,0.319019653,0.891313976,-0.520114939,0.498093576,-1.26155293
462.nii.gz,-1.32088213,0.536329415,0.217368995,-1.44031335,-1.324387753,-1.295892787,-0.510955083
463.nii.gz,-0.18645372,-2.293317976,-0.592786749,0.285895542,-0.329470745,-0.673601468,-0.460903857
464.nii.gz,-0.824569701,0.394765687,-0.586687709,-1.797625179,0.563037021,-0.324466952,-0.921959027
465.nii.gz,-1.143627691,0.329678916,-1.418190091,-0.277373508,1.15130941,0.05198815,0.909289219
466.nii.gz,-0.753667925,-0.192642426,0.520626791,-1.141435894,-1.180400595,1.649678315,-1.207565369
467.nii.gz,0.13260427,0.214149896,-0.143829676,0.304096412,-1.433136052,1.130734345,-0.005686247
468.nii.gz,-0.044650169,-0.407428772,0.84184287,0.580941234,-0.228833289,-0.556471203,-0.434784936
469.nii.gz,1.76334511,-0.09175793,-0.131292762,0.620216797,1.557009076,1.864613332,2.762039331
47.nii.gz,-2.171703438,0.254829128,0.849636087,-1.648186451,-0.53676973,1.110231644,-0.487563268
470.nii.gz,-0.966373252,1.849455031,-1.33415888,-0.629895635,0.608158509,0.207916589,-0.832355587
471.nii.gz,-0.50551171,-1.154299475,-0.382708722,-0.927815149,-1.975066389,0.334170065,2.477984692
472.nii.gz,-1.427234794,1.769723735,-0.644628584,-1.495873902,-0.554251353,-1.937166272,-0.602480887
473.nii.gz,-1.533587457,1.441035539,-0.613794551,-2.199002274,0.414836949,-0.007508923,0.94474584
474.nii.gz,0.770720251,0.171843495,0.06319883,0.687272637,-0.800569008,-0.679879807,-1.448106793
475.nii.gz,1.621541559,-1.419528069,0.667003738,-0.309943487,0.05709363,-0.411971303,-1.231792933
476.nii.gz,-1.143627691,-0.438344988,1.963049627,-0.872254597,0.69533039,-0.402112349,1.152089138
477.nii.gz,-1.00182414,1.676975086,-0.158399604,-1.308117552,0.314908207,-0.33903466,-1.168406365
478.nii.gz,-0.363708159,1.102584327,0.753067962,0.944000707,0.083709796,0.351925993,-0.158815782
479.nii.gz,1.337934456,-0.041315682,-0.945853367,0.819468434,-0.937272156,-2.154357567,-0.66743607
48.nii.gz,-0.576413486,-0.841882972,-0.212613288,-0.567629498,-0.617484434,0.196537099,0.605020162
480.nii.gz,-0.470060823,-0.425327634,-1.477147472,-1.227650545,-0.113824679,-0.060286212,-0.657173127
481.nii.gz,-2.065350775,1.014717186,-1.84918888,-2.865728904,0.282228595,-0.123511049,-0.259521438
482.nii.gz,0.026251607,0.153944633,0.193989344,0.86449164,-0.491726987,-0.375723705,-0.867179407
483.nii.gz,0.558014924,0.166961987,0.514527751,0.935379242,-1.022908488,-0.465337186,-0.706737419
484.nii.gz,-0.647315262,1.136754882,-0.428451518,0.808931088,-0.856754316,-1.724291335,-0.837975401
485.nii.gz,-0.434609935,-1.390239022,-2.173454479,-0.671087079,-0.119730633,0.105795478,0.727278421
486.nii.gz,1.869697773,-0.145454516,-0.000841084,-0.41627489,-0.042244516,0.456597679,0.426642689
487.nii.gz,-1.143627691,0.697419175,-0.480971025,0.886524273,-0.436092901,-0.988744663,-1.267816116
488.nii.gz,-2.100801662,1.670466409,-0.591770242,-1.124192964,-0.762416545,-1.399926828,-0.523277097
489.nii.gz,1.515188895,0.396392856,1.204735719,-0.619358289,-0.007989983,0.504322866,0.302680517
49.nii.gz,1.196130905,1.403610646,2.66342266,0.192017367,-0.701939576,-0.488979057,0.341789489
490.nii.gz,0.061702495,1.009835678,-1.488329045,-0.854053726,-0.887819634,-0.470438337,0.14976309
491.nii.gz,0.061702495,-1.053414979,-0.835392986,0.313675818,-0.152922094,0.042815889,0.314664285
492.nii.gz,-0.824569701,0.168589156,-0.034724637,-0.103986267,-1.148035967,-0.089519729,-1.415628144
493.nii.gz,0.238956934,0.354086455,-1.087486617,-0.39903196,-1.141933148,-1.472716323,-1.613271538
494.nii.gz,-1.037275028,-0.13731867,-0.962117472,-0.703657058,-0.156505039,-1.021362597,-0.891218117
495.nii.gz,-0.18645372,-0.967175007,0.90012258,0.511969514,-0.590041435,-1.94246362,-0.765736657
496.nii.gz,-1.746292784,0.666502958,-1.334836551,-1.582088553,0.598551491,-0.753012648,0.179129877
497.nii.gz,1.408836232,-0.404174433,0.312242942,0.102928894,-1.377895696,-1.638013221,-0.659085626
498.nii.gz,0.522564036,-0.575027208,-0.679189808,0.124003587,-1.52156787,-2.196245861,-0.539740509
499.nii.gz,-0.363708159,-0.407428772,-0.51620992,0.008092779,-0.513775882,-0.869554319,-0.948401397
5.nii.gz,-0.18645372,-0.31956163,-0.732725821,-1.493958021,-1.530229935,0.218167939,0.525816373
50.nii.gz,-0.68276615,0.363849471,0.1563786,-1.316739017,0.344201739,-0.636323829,-0.3825936
500.nii.gz,-0.399159047,-0.612452102,-0.468095275,0.50430599,-0.311201661,-0.150978783,-0.593713977
501.nii.gz,-0.221904608,-0.672657366,2.197184975,0.866407522,0.831049212,2.386696472,-0.301535096
502.nii.gz,0.451662261,-0.104775284,-0.579233328,0.506221871,0.197104112,-2.120513395,-0.416514022
503.nii.gz,-2.207154326,0.11489257,-0.624637288,-0.874170478,0.768131116,-0.184724856,-0.24645035
504.nii.gz,0.061702495,-0.104775284,-0.362039755,-0.159546819,-0.593781872,0.620668338,0.826257614
505.nii.gz,-1.427234794,0.560736955,0.423380995,-0.462256037,0.511930832,-0.302787062,-0.671073622
506.nii.gz,-1.00182414,-1.829574729,-1.441908578,0.53974979,0.603197508,0.54729025,-0.154648311
507.nii.gz,0.983425578,-0.838628633,-0.578555657,0.307928174,0.640798748,-0.581339312,-1.1399014
508.nii.gz,0.168055158,-1.240539447,-0.016088683,0.203512653,-0.762849648,-0.061169103,-1.392651385
509.nii.gz,-0.50551171,0.741352746,0.536213225,-0.559008033,-0.713987722,-0.21116255,1.682085155
51.nii.gz,-0.753667925,0.458225289,0.260401107,0.805099326,-1.104016923,0.142288325,0.134564577
510.nii.gz,-2.207154326,-0.044570021,-1.375496815,-1.675966728,1.147135869,0.553029044,-0.87987772
511.nii.gz,-1.072725916,-1.605025368,1.254883377,-0.085785396,0.261557756,-1.341705043,-0.473536635
512.nii.gz,0.699818475,0.54934677,-2.580395946,0.786898455,0.906999781,1.561389171,1.642691493
513.nii.gz,0.699818475,-1.09734855,-0.515532249,-0.896203111,-0.322068616,-1.561643111,-0.776096141
514.nii.gz,-2.313506989,-0.475769882,-0.171614189,-0.786039946,0.21529445,1.192585795,-0.133320501
515.nii.gz,0.168055158,-1.222640585,0.108602791,0.075148618,-0.235644823,-2.010348162,-1.861569362
516.nii.gz,1.515188895,-0.031552666,0.48132187,-0.947931901,-0.466252639,-0.547004645,1.538921893
517.nii.gz,-2.029899887,2.054478361,-0.269537657,-0.053215417,0.330342434,-1.913230104,-0.413657959
518.nii.gz,-1.852645448,0.586771663,-0.702230624,-1.442229231,0.628396245,-0.707641838,-0.130852011
519.nii.gz,-0.540962598,-0.012026635,-0.141118992,0.472693951,0.175645813,-0.041500244,-0.620062624
52.nii.gz,-2.171703438,0.563991293,-1.070883676,-1.365593986,0.492047454,-0.180604696,0.716270633
520.nii.gz,-1.285431243,0.599789017,-0.398633992,-1.03127273,0.42239657,-0.631173629,1.427071742
521.nii.gz,0.664367588,-0.770287523,0.023555074,0.342414035,-0.212257245,-1.365641211,-0.666729277
522.nii.gz,0.6289167,1.672093578,0.093694028,1.432550393,0.183244807,-0.012315777,2.472194346
523.nii.gz,-0.470060823,-0.682420381,-0.373221328,-0.53601746,-0.999993387,0.46572089,-0.758742015
524.nii.gz,-1.533587457,0.344323439,-0.470805959,-0.820525806,-0.591498237,1.005167562,-0.498912121
525.nii.gz,0.664367588,0.523312061,-0.311553262,0.258115265,-0.173907917,0.041589651,0.195482655
526.nii.gz,-1.214529467,0.376866825,-0.472838972,-2.407833316,0.641743701,1.288281418,0.096666948
527.nii.gz,-1.639940121,1.099329989,-1.680109953,0.592436521,0.673360241,0.376205508,2.274336025
528.nii.gz,-0.151002832,-0.38790274,-0.522308959,0.722716437,1.612013194,0.149449555,1.838174341
529.nii.gz,-0.115551944,2.575172533,-0.383386393,-0.070458347,0.464958812,-0.130525131,0.26343977
53.nii.gz,-2.384408765,-0.290272583,0.240070975,-1.008282156,0.81254389,1.181451553,0.004797965
530.nii.gz,-1.249980355,1.276691441,-0.878086262,-1.976760064,-0.046575549,-0.388918027,-0.939275805
531.nii.gz,-0.470060823,0.729962561,0.110296969,-0.669171198,0.619143584,-0.684980958,-0.451902994
532.nii.gz,1.125229129,0.241811774,0.128932922,-0.055131298,0.088670797,0.412011661,1.152638083
533.nii.gz,0.13260427,1.281572949,-0.562291551,1.159537333,0.858255974,-0.617832158,-0.021659203
534.nii.gz,1.337934456,1.50774948,0.908254633,-1.144309716,1.294824092,-1.13152783,0.221253465
535.nii.gz,-1.569038345,3.517303551,-0.144846183,-0.288868795,0.974012672,0.068566889,-0.111388781
536.nii.gz,0.416211373,0.124655585,-0.808624979,0.394142825,0.723797088,0.708810334,0.936906288
537.nii.gz,-2.278056101,2.139091164,0.733076666,-1.685546133,1.204148012,1.171396401,-0.045904384
538.nii.gz,0.309858709,0.642095419,0.544345278,0.430544566,-0.769464317,-1.679558168,-0.53490007
539.nii.gz,-0.611864374,1.48496911,1.00312858,-0.995828929,0.656311721,-0.615723029,-0.948468341
54.nii.gz,0.522564036,-0.020162481,0.172642705,0.836711364,-0.138078463,0.243428445,1.78351663
540.nii.gz,-0.221904608,0.523312061,-0.177713229,0.221713524,0.250848293,-0.578641588,1.646620077
541.nii.gz,-1.285431243,-0.103148115,-0.369832972,0.60680563,-1.487943305,-0.323289763,-0.066073702
542.nii.gz,-0.115551944,0.101875215,0.457942219,-0.786997887,-0.009525531,0.847326192,0.679205229
543.nii.gz,0.487113148,0.098620877,-0.560597374,-1.346435175,-1.437860815,-0.618666,-0.384618848
544.nii.gz,1.621541559,0.196251034,0.335961429,1.062785337,-0.242220118,-0.207680033,-0.259181078
545.nii.gz,-0.647315262,2.168380211,-0.906548446,0.67577735,1.650874371,-0.546808447,-0.851912539
546.nii.gz,-2.419859653,1.605379637,0.249219534,-1.002534513,1.041261801,0.737602405,1.230406442
547.nii.gz,-1.285431243,0.926850044,0.520287955,-0.739100859,0.476810093,0.636560384,-0.602750779
548.nii.gz,0.203506046,-0.054333036,-0.839120176,-0.142303889,0.582526669,-0.243780484,1.482362254
549.nii.gz,-0.363708159,0.967529277,0.214997146,-0.404779603,1.476254998,1.369654579,-0.764597191
55.nii.gz,1.656992447,-1.173825506,0.880131284,1.17103262,0.598748356,-1.783886507,-1.082755468
550.nii.gz,-1.746292784,0.716945206,-0.823872578,-1.834984861,0.861405816,1.480997,0.023959592
551.nii.gz,-0.115551944,0.430563412,-0.940093163,-1.083959461,-0.082838107,0.312735423,0.431426049
552.nii.gz,-0.611864374,-0.134064331,0.334944922,-0.249593232,-0.529367601,0.046396504,0.896890394
553.nii.gz,-0.753667925,0.306898546,-0.737469518,0.646081193,0.829986141,0.422508259,1.222430887
554.nii.gz,-0.966373252,-0.223558642,-1.078676893,-0.544638925,0.675013908,0.943610409,1.454853706
555.nii.gz,-0.611864374,0.407783042,0.041852192,1.685446701,-1.524796458,-0.132585211,-0.245281287
556.nii.gz,-0.824569701,0.816202533,-0.132648104,0.336666391,0.192930571,1.38196601,1.198946055
557.nii.gz,-0.328257271,-0.496923083,0.147907712,-0.253424994,-0.69288378,-1.652041385,-0.513321394
558.nii.gz,-0.399159047,0.461479628,1.029896587,-0.748680264,-0.321044917,-0.39063476,0.709481756
559.nii.gz,-0.895471477,0.101875215,-0.013377999,-1.928863036,0.125760188,0.093336899,-1.453666709
56.nii.gz,1.054327354,-1.663603462,0.795761238,1.69981581,0.714229443,-1.517890935,-0.270366445
560.nii.gz,0.699818475,0.383375502,0.811347673,0.295474947,-0.196271796,-0.55470542,0.127235212
561.nii.gz,-1.888096335,0.835728564,-0.442343775,-0.951763663,1.13374904,-0.892509496,-0.925775568
562.nii.gz,-1.569038345,0.624196557,-0.591092571,-1.689377895,0.753287485,0.430307133,-0.574834926
563.nii.gz,-1.710841896,1.680229425,-0.622265439,0.580941234,0.489448834,-0.52272513,0.31198721
564.nii.gz,-0.257355496,-0.002263619,-1.986756104,-0.886623705,-0.52909199,-0.068330334,1.359224556
565.nii.gz,0.735269363,-0.633605303,0.517577271,1.611685278,-0.932035543,-0.617979307,-1.016314822
566.nii.gz,-1.179078579,-0.332578984,1.222355166,0.091433608,0.080756819,0.289682146,-0.754729573
567.nii.gz,-0.824569701,1.426391016,-0.401683512,-0.757301729,0.780533619,0.722740399,-0.514723705
568.nii.gz,0.558014924,0.191369526,0.75848933,-0.368377862,-0.527832053,0.544837773,1.081017343
569.nii.gz,-0.824569701,0.284118176,-1.234880071,1.044584466,1.505233546,0.447278269,0.639118163
57.nii.gz,-0.930922364,0.204386881,-0.468095275,-1.461388042,-0.674496577,-0.028354971,0.177158186
570.nii.gz,1.26703268,0.09048503,0.961790646,0.269610552,-0.008659325,-0.054400269,0.333240325
571.nii.gz,-0.718217037,0.739725576,-1.414801736,-1.374215451,0.249470237,-0.825900242,-0.128205942
572.nii.gz,-1.037275028,-0.332578984,-0.752039446,-1.09928651,-0.348369798,0.439086998,-0.422865293
573.nii.gz,-1.604489233,0.974037954,-0.522308959,-0.848306083,0.007286751,0.533360185,0.660515032
574.nii.gz,-1.391783906,-0.06897756,-1.735001308,-1.720989934,0.437555185,0.716314911,-0.899288099
575.nii.gz,-0.151002832,-0.221931473,-0.936365972,0.737085546,0.707221044,-1.224035233,-0.427578889
576.nii.gz,-0.434609935,0.485887167,-0.974654387,0.178606199,0.636192104,0.334415313,0.792376654
577.nii.gz,-0.292806384,0.546092431,0.294623495,0.431502507,0.148439051,-0.939400842,-0.894558999
578.nii.gz,1.940599549,-0.145454516,0.111652311,0.127835349,-0.519288106,-0.32667418,0.388841601
579.nii.gz,-0.930922364,0.051432967,-0.713751032,1.875118932,1.698594479,0.588295652,-0.25399887
58.nii.gz,0.770720251,-0.542483823,0.875387587,0.387437241,0.518781739,-0.269580533,-0.723219153
580.nii.gz,-0.080101057,-1.12012892,-1.502898972,-1.186459101,0.107687969,1.069128142,1.052425703
581.nii.gz,-2.029899887,-0.124301316,0.468784955,0.138372695,0.903731819,-0.753797441,-0.065960249
582.nii.gz,-0.930922364,1.803894291,-0.735775341,-2.296712211,0.299355862,1.086638822,-1.237134398
583.nii.gz,0.168055158,1.501240803,-0.273603683,1.490984767,1.508737745,-0.425999467,0.429532577
584.nii.gz,-0.824569701,0.723453883,-1.871552025,-0.528353935,-0.575749026,-0.47421515,0.684319788
585.nii.gz,-1.00182414,-0.516449114,-1.022769032,-0.57050332,0.065952561,-0.045522305,-0.810003173
586.nii.gz,1.479738007,0.077467676,-0.142135499,0.387437241,-0.013856564,0.162987224,1.489850876
587.nii.gz,-0.50551171,-0.27400089,-0.537556558,-3.620586067,-0.463693392,0.764285346,-0.040312052
588.nii.gz,-0.50551171,0.202759711,-1.781421775,1.401896295,1.641936694,1.421548976,2.394576084
589.nii.gz,1.231581793,0.939867399,0.639219225,1.089607672,1.082131003,0.186923392,0.541031094
59.nii.gz,0.877072914,-0.215422796,0.215335982,-0.292700557,-2.165198734,0.628957708,0.787422057
590.nii.gz,-1.746292784,1.162789591,0.095727041,-1.155805003,0.846207828,0.398130645,0.063693614
591.nii.gz,1.089778241,0.529820738,0.512494738,0.155615625,0.142414978,-0.315049443,-0.09733537
592.nii.gz,-1.675391009,1.541920035,0.5168996,-1.001576573,1.619730307,0.159553757,-0.944137385
593.nii.gz,-0.576413486,-0.672657366,-0.296644499,-1.215197318,-0.114651512,0.713077643,1.318107954
594.nii.gz,0.238956934,-1.403256376,0.972633383,0.728464081,0.360659664,-1.414494537,-1.127355298
595.nii.gz,0.061702495,0.718572375,0.760183508,0.228419108,0.117491852,-0.066907898,2.211431458
596.nii.gz,-0.576413486,0.552601108,-0.401344676,1.399022474,0.719190444,0.486615988,3.600886931
597.nii.gz,-1.427234794,0.995191154,0.592459923,-1.130898548,-0.080436352,0.464494652,-0.246432733
598.nii.gz,-0.221904608,0.466361136,0.095727041,-1.161552646,0.605244905,0.147879971,0.176385153
599.nii.gz,0.203506046,-0.578281547,-0.655132486,0.553160958,0.152573219,-1.349602016,-1.059369291
6.nii.gz,0.841622027,-1.230776431,0.889618679,-0.248635292,-0.381128156,0.200657259,-0.694121554
60.nii.gz,-0.647315262,-1.198233046,1.889522317,-0.319522893,1.350773163,1.537551102,0.764726465
600.nii.gz,1.089778241,0.271100821,0.942138186,1.885656279,-0.501215887,-0.235343965,-0.864099255
601.nii.gz,0.983425578,0.762505946,-0.360006742,1.363578673,0.840616858,0.781158383,1.696475402
602.nii.gz,0.026251607,0.563991293,-0.560936209,1.458414788,0.23844579,0.235139075,1.769572445
603.nii.gz,-0.151002832,-0.418818957,-1.176600361,0.732295843,-0.335927921,-0.119390889,3.178047905
604.nii.gz,0.699818475,0.550973939,-0.237687117,-0.936436614,-0.454047001,-0.447728407,1.011342221
605.nii.gz,-0.044650169,1.047260572,-1.689258512,0.830963721,1.680049784,0.130467389,1.372707882
606.nii.gz,0.097153382,0.441953597,-0.516887591,-0.21127561,-0.135164859,-0.799903994,-1.133871463
607.nii.gz,1.337934456,-0.067350391,1.574066442,0.291643185,1.651307474,-2.188888432,-1.620039978
608.nii.gz,-0.824569701,2.384793726,-0.282752242,-0.148051533,0.836758301,-0.787053018,0.155561188
609.nii.gz,-0.399159047,0.004245058,-0.592447913,-0.612652705,0.122964703,0.0261881,1.495641223
61.nii.gz,-0.080101057,0.054687306,-0.251240538,-1.037978314,1.060318346,0.055764963,-0.416275841
610.nii.gz,-1.498136569,-0.169862056,1.710955995,0.479399535,-0.583033036,1.161978892,-0.779790067
611.nii.gz,-0.399159047,1.517512496,0.815074863,1.462246551,-0.409476735,0.230724618,-0.533241256
612.nii.gz,0.168055158,-1.936967902,-0.700197611,1.135588819,0.929284914,0.005194903,-0.512460981
613.nii.gz,-1.00182414,0.666502958,-0.70629665,0.497600406,0.499095226,-0.238679333,0.037468286
614.nii.gz,1.196130905,0.645349758,2.460460179,-0.127934781,-0.323052942,-0.378176181,3.539299408
615.nii.gz,1.337934456,-0.950903314,-1.501204795,0.923883955,0.263920138,1.777256129,3.625685989
616.nii.gz,-2.13625255,0.629078065,-0.894011532,-2.297670152,1.317030479,0.296843377,0.050509778
617.nii.gz,0.912523802,0.188115188,-0.788294847,-1.618490294,0.297465957,0.924775391,2.355699656
618.nii.gz,-0.966373252,2.0788859,0.938410995,-0.818609925,-1.046729169,-0.629358797,2.084236219
619.nii.gz,-0.68276615,-0.794695062,-1.203029532,-2.189422868,0.167771207,0.58849185,-0.1599933
62.nii.gz,0.203506046,0.604670525,0.943832363,-0.50248954,-1.526174514,-0.312351719,0.180855636
620.nii.gz,-0.930922364,0.207641219,0.466751942,-0.559965974,-0.348842274,0.220963762,0.096477389
621.nii.gz,-0.257355496,1.603752468,1.129853067,0.545497434,1.014606262,-0.332707272,1.453239991
622.nii.gz,0.097153382,0.832474226,-0.240736637,-1.070548293,-0.733123013,0.052233398,-0.01014616
623.nii.gz,1.125229129,0.27435516,0.638202719,0.004261017,0.595598514,0.769680794,-0.311900217
624.nii.gz,-1.32088213,1.138382052,-0.25869492,-0.539849222,-0.616027632,-0.771553368,-0.403116668
625.nii.gz,-2.774368531,0.956139092,-0.620232426,0.136456814,0.605166159,-0.419132534,0.589381929
626.nii.gz,-0.18645372,1.654194716,-0.379320367,-0.818609925,1.219542865,1.462652478,-1.451879643
627.nii.gz,0.593465812,0.511921876,-0.511805058,1.420097166,0.66111523,-0.319611049,2.213226275
628.nii.gz,0.770720251,-0.47902422,-0.591092571,-0.513984827,0.159384753,0.539295177,1.204591942
629.nii.gz,0.309858709,-0.210541288,-0.532474025,-1.477673031,-1.122404126,1.010464911,0.738070578
63.nii.gz,1.373385344,-0.638486811,-0.719850071,0.469820129,0.540043173,1.103168512,0.795033998
630.nii.gz,-0.68276615,-0.469261205,-1.304341354,1.20456054,0.69533039,-0.007754171,1.041167753
631.nii.gz,-0.044650169,-0.431836311,-1.390405578,-0.483330729,1.735093275,0.457922016,1.74703611
632.nii.gz,0.983425578,-0.34396917,0.618550258,0.527296563,0.278488158,-2.44085584,-3.271256165
633.nii.gz,-0.50551171,1.486596279,0.901477923,1.42680275,-1.762452046,-0.845471002,1.009954003
634.nii.gz,-0.753667925,-0.900461066,0.431851883,1.13654676,-0.875220266,0.024618515,0.206632788
635.nii.gz,-2.384408765,1.060277926,-1.795314032,-1.926947155,1.790884853,0.513691325,-0.094834465
636.nii.gz,0.487113148,-1.452071455,-0.387113584,0.021503947,0.10367192,-1.658025427,0.396547264
637.nii.gz,-1.037275028,-0.944394637,-0.958390282,-0.41723283,-1.084015426,0.674966162,1.466268094
638.nii.gz,-0.080101057,0.485887167,-1.161013926,-0.368377862,-0.032007529,-0.071616652,1.412525056
639.nii.gz,-2.348957877,1.842946353,-0.250562867,-1.717158172,0.96137393,-0.647310923,0.316285047
64.nii.gz,0.061702495,1.07329528,0.782207817,-0.740058799,-1.258634798,-1.981016547,2.295973895
640.nii.gz,-2.242605214,1.388966122,-1.370075446,-0.778376422,1.115991805,0.170491801,0.143815601
641.nii.gz,0.6289167,1.410119323,0.038463837,0.734211724,0.521065374,-0.121107622,-0.504349423
642.nii.gz,0.309858709,0.68602899,-1.261986913,-0.308985547,1.018582938,0.317738474,2.997806556
643.nii.gz,-0.611864374,-0.84513731,-0.350858183,-0.118355375,1.625675634,-0.809321502,-0.630252281
644.nii.gz,-0.434609935,-0.27400089,-0.030319775,-0.881834002,-1.405378068,-0.287679808,-1.399526232
645.nii.gz,1.479738007,0.404528703,0.820157396,1.616474981,0.41849864,-1.221533707,-1.032480155
646.nii.gz,-0.221904608,0.721826714,-1.089858466,0.748580833,1.533660871,0.586137473,-0.376273336
647.nii.gz,-0.434609935,0.842237241,0.124528061,-0.067584525,0.015161356,-0.306220528,0.348531856
648.nii.gz,-0.611864374,-1.103857227,-1.432421183,-0.151883295,0.683282244,-0.082064201,-0.624766356
649.nii.gz,0.416211373,-1.103857227,-0.734081163,-1.401995727,0.06307833,1.71113737,0.672750371
65.nii.gz,-0.151002832,0.197878203,0.09809889,-1.470009507,0.905227994,-0.097514801,-1.940832344
650.nii.gz,-2.207154326,-0.863036172,-0.066575176,-0.046509833,0.186630887,-0.656630332,-0.379382379
651.nii.gz,0.13260427,0.664875789,-0.614472222,1.636591733,0.943931679,-0.664919702,1.661261895
652.nii.gz,-0.576413486,0.028652597,-0.026592584,0.613511213,-1.125868953,0.613850454,-0.140708354
653.nii.gz,-0.363708159,0.580262986,-0.530102176,0.925799836,1.295887164,0.315531246,0.651695271
654.nii.gz,0.13260427,0.865017611,1.412441896,0.132625052,-0.602443938,-0.531504995,0.038445676
655.nii.gz,0.451662261,0.970783615,-0.373560163,0.928673658,1.134615247,0.742556407,-0.066450001
656.nii.gz,-0.328257271,0.396392856,1.169835659,-0.190200917,-0.602719549,-1.141926329,-0.218498558
657.nii.gz,0.877072914,1.268555595,-0.125532558,-0.46800368,0.364754459,0.897356707,1.172618548
658.nii.gz,0.168055158,-0.780050539,0.140114495,1.055121812,-0.381994362,-2.503639231,-2.109029322
659.nii.gz,-0.68276615,0.718572375,0.81304185,1.078112386,0.338650142,-0.139059748,-1.240411155
66.nii.gz,0.522564036,0.302017038,0.480983034,-0.507279243,-1.089960753,0.733433196,2.445723085
660.nii.gz,1.550639783,-0.527839299,0.230244745,1.097271197,0.296678496,-0.983790661,-1.630047122
661.nii.gz,0.345309597,-0.633605303,0.681912501,-0.401905781,-0.585789148,0.682863136,-0.993879256
662.nii.gz,0.274407822,-0.109656792,-0.22684438,0.883650452,0.013940793,-0.793135159,-0.18830166
663.nii.gz,0.309858709,-0.50180459,-0.654115979,-0.658633852,-1.206111181,0.985302504,-0.009919958
664.nii.gz,1.479738007,0.68602899,0.811008837,0.28302172,-0.564252102,0.073030396,0.672385347
665.nii.gz,-1.781743672,0.149063125,0.771026245,0.608721511,0.350304558,0.43992084,0.61529438
666.nii.gz,-0.151002832,1.314116335,0.742564061,1.617432921,0.392079339,-1.368093687,-0.328156454
667.nii.gz,0.6289167,0.454970951,0.256673916,0.687272637,-0.509444849,-1.089443338,1.009968097
668.nii.gz,-0.860020589,1.426391016,0.698176607,0.650870895,-0.773559111,-0.55372443,0.458672457
669.nii.gz,0.097153382,2.205805105,0.487082074,-0.24576147,-0.306437524,-0.081917052,1.829905639
67.nii.gz,0.168055158,-0.223558642,-0.608712018,-0.757301729,0.083434184,-0.615281583,0.732150571
670.nii.gz,1.125229129,0.064450322,-0.031336282,0.361572846,-0.76639322,1.092181419,2.37822683
671.nii.gz,1.621541559,-0.168234886,0.716812561,0.450661318,-1.356555515,-0.505557796,1.390535552
672.nii.gz,-0.257355496,1.037497556,1.478175988,0.297390828,-0.150441593,-0.117330809,-0.20712786
673.nii.gz,-0.009199281,1.458934401,0.063876501,1.174864382,0.775769483,-1.153403918,0.326429604
674.nii.gz,1.479738007,0.471242644,0.943154692,0.024377768,-0.815963861,0.117910711,0.979339935
675.nii.gz,-0.151002832,-0.563637023,-0.605323663,1.268742557,0.505119299,1.208281643,-0.621620669
676.nii.gz,-0.50551171,-0.1145383,0.385431416,0.937295123,-0.422981683,-1.090620526,-0.892849448
677.nii.gz,1.160680017,-0.724726783,0.769332067,0.202554713,-1.115592593,-0.142591314,-0.849249558
678.nii.gz,-0.68276615,1.042379064,0.541634594,0.500474227,-0.107406875,-0.744772328,-0.650088286
679.nii.gz,0.877072914,0.041669952,0.010679324,0.191059426,-0.278955152,-0.669971803,-0.502739937
68.nii.gz,1.373385344,-0.994836885,2.163301423,0.387437241,1.230803551,0.463611761,-1.28705103
680.nii.gz,0.451662261,0.659994281,0.132660113,0.138372695,-0.90636433,0.240436424,0.046421936
681.nii.gz,1.26703268,-0.789813554,1.222694002,0.684398815,-0.844942408,0.279676043,-0.588361941
682.nii.gz,-0.434609935,0.988682477,1.179323054,0.015756303,-1.908092871,-0.38965377,0.188548615
683.nii.gz,0.522564036,0.222285743,0.474545159,0.857786057,-0.561535363,-0.454301043,-0.198658325
684.nii.gz,1.76334511,-0.321188799,0.767299054,0.199680891,-2.344031021,-0.637059572,1.550008606
685.nii.gz,-0.789118813,0.077467676,0.981781942,0.612553273,-1.766034991,-0.073823881,-0.559831608
686.nii.gz,1.196130905,-1.55458312,1.109861771,1.457456848,0.564690688,-1.961838182,-1.281415713
687.nii.gz,1.550639783,-0.116165469,0.147907712,0.782108752,0.316404382,0.352956033,0.674624112
688.nii.gz,2.649617305,-0.86954485,-0.550432308,-1.009240097,-0.743320627,0.792194526,0.664210368
689.nii.gz,0.558014924,0.612806372,-1.231491716,0.004261017,0.833647832,1.336840447,3.049727999
69.nii.gz,0.416211373,0.191369526,1.229470712,0.258115265,-0.895339882,-0.103891239,-0.361135425
690.nii.gz,-0.611864374,0.507040368,0.390852784,1.018720071,-0.031062577,0.473176418,-0.386789258
691.nii.gz,0.699818475,-0.989955377,-1.190492617,0.973696864,-1.127207636,-0.851405995,0.645848551
692.nii.gz,1.550639783,0.145808786,0.722572765,0.660450301,-0.451645246,-0.880443313,-0.711432695
693.nii.gz,0.309858709,-0.381394063,0.268871995,1.648087019,-0.484797335,-0.155883735,0.165742388
694.nii.gz,-1.533587457,0.0921122,-1.018025334,-1.028398908,0.947199641,-0.323387862,-0.066458457
695.nii.gz,1.125229129,-0.29678126,-0.643273242,1.257247271,-0.860494754,-1.477866523,-0.482735513
696.nii.gz,-0.611864374,-0.003890788,0.09199985,1.140378522,-0.005509483,0.324065863,-0.688448184
697.nii.gz,0.877072914,-0.9834467,0.605674508,0.582857116,-0.598270397,-1.007824929,-0.78952732
698.nii.gz,0.983425578,-0.740998476,0.238376797,0.861617819,-1.962073291,-1.182931731,-0.50793201
699.nii.gz,-0.399159047,0.738098407,0.647351278,1.219887589,-0.246314913,-0.813049266,1.038318737
7.nii.gz,-0.044650169,-1.4179009,-0.066236341,-0.330060239,-0.198240447,-0.389800918,0.123206563
70.nii.gz,0.274407822,0.399647195,0.605674508,-0.77454466,-1.505149317,0.634402205,-1.523166366
700.nii.gz,-1.214529467,-1.048533471,0.073702732,-0.36550404,0.238012687,0.465377543,-0.794352961
701.nii.gz,0.13260427,-0.635232472,-0.422691314,-0.374125505,-0.722767907,-0.466563424,-1.385419266
702.nii.gz,-1.072725916,0.537956585,0.877081765,-0.401905781,-0.277773961,-0.15956245,-1.244783687
703.nii.gz,0.983425578,-0.544110992,-0.559919703,0.200638832,-1.572004717,-0.696213299,-0.976598417
704.nii.gz,-1.00182414,0.798303671,1.447680791,0.875028987,-1.015112629,-2.136111143,0.893794035
705.nii.gz,1.479738007,-0.168234886,1.085126778,1.834885429,1.272853943,-3.457407238,-1.569022638
706.nii.gz,-1.710841896,1.286454457,-0.349164005,0.325171105,-0.388648404,-0.495404545,0.102775809
707.nii.gz,-0.718217037,0.149063125,0.518932613,0.090475667,-0.485939152,0.377186498,-0.498951583
708.nii.gz,0.345309597,-0.016908143,0.049306574,0.462156605,-0.332502468,-1.077131907,-0.457889946
709.nii.gz,-1.569038345,0.531447907,-0.448442814,-0.461298096,0.474487084,-0.615379682,0.871044888
71.nii.gz,-0.292806384,-0.322815969,1.226760028,0.270568493,-2.140196863,0.028002932,-0.374845656
710.nii.gz,1.089778241,-1.281218679,0.119784363,1.169116739,-0.451645246,0.234059985,-0.783973746
711.nii.gz,1.125229129,-0.174743564,-0.581944012,-0.386578732,-0.97570023,-0.468525405,0.52552675
712.nii.gz,1.905148661,-0.710082259,-0.441327268,-0.300364082,-1.095866707,-0.650744389,2.264569881
713.nii.gz,1.160680017,0.264592144,-0.591092571,1.088649732,-0.597482937,-1.981114646,0.523228087
714.nii.gz,-0.115551944,-1.274710002,0.424736337,0.88077663,-0.940618863,-1.646498789,-0.335255389
715.nii.gz,1.125229129,0.204386881,0.586022048,-0.146135651,-1.453413161,-0.182910023,-0.256287666
716.nii.gz,0.983425578,0.757624438,0.025249251,0.109634478,-1.013931438,-1.234728029,-0.616055821
717.nii.gz,0.345309597,-0.207286949,0.17535339,0.71026321,-1.502590071,-0.691651693,0.541019819
718.nii.gz,-0.895471477,0.238557436,0.471156804,0.001387195,-0.62185484,-0.189335511,-1.104345419
719.nii.gz,0.451662261,0.132791432,1.113927798,0.404680171,0.557288559,-0.797892963,-1.330451496
72.nii.gz,-1.214529467,0.144181617,-0.717478222,-0.98050188,-1.319938601,1.428514009,1.931815591
720.nii.gz,-0.328257271,-0.778423369,0.302077876,0.275358195,-1.558027292,1.175075115,0.013302029
721.nii.gz,-0.824569701,0.609552033,-0.386435913,0.218839702,-1.103505074,0.54626021,-1.507342802
722.nii.gz,0.13260427,0.498904522,0.715457219,0.854912235,-0.695718638,-0.955832432,-0.410529185
723.nii.gz,0.345309597,-1.518785395,0.128932922,0.314633758,-0.871716066,0.560975067,-0.329506619
724.nii.gz,-1.072725916,0.54934677,-1.134584755,-1.528443881,0.350501423,1.464761608,-1.712669309
725.nii.gz,-0.576413486,-0.706827921,-1.057669091,0.488978941,-0.0879566,1.052941799,-0.305226204
726.nii.gz,-0.930922364,0.254829128,-0.470805959,0.155615625,0.332783561,0.506137698,0.091906842
727.nii.gz,0.699818475,0.57212714,0.773736929,1.830095726,-0.231431909,-1.959532855,-1.137392743
728.nii.gz,-0.044650169,2.654903828,2.210399561,0.240872335,0.691983683,-0.496140288,1.008115496
729.nii.gz,1.231581793,1.05214208,-0.282074571,-0.137514186,-0.110320479,1.083646801,0.590881486
73.nii.gz,0.309858709,0.064450322,-0.058781959,-0.708446761,0.009531014,1.45215588,0.231234537
730.nii.gz,0.416211373,-0.122674146,0.228550567,-0.210317669,-0.551259003,-0.739278781,0.07070376
731.nii.gz,0.345309597,-0.340714831,0.056760955,0.257157325,-0.705640641,-1.29559849,-0.38593096
732.nii.gz,0.416211373,-1.23403077,1.753310436,0.375941954,-0.038543452,-1.489442211,-1.816142944
733.nii.gz,1.125229129,-0.379766894,0.585005541,0.443955734,-0.640872012,-1.88571332,-0.131097944
734.nii.gz,-0.753667925,0.331306085,0.198394205,-0.115481554,-0.490348931,0.366003207,0.445272284
735.nii.gz,0.097153382,1.291335965,-0.79337738,-0.242887648,-0.223321065,0.629202956,0.363038375
736.nii.gz,1.089778241,-2.345387394,-0.32985038,0.860659878,-0.723555368,0.662752831,-0.787331541
737.nii.gz,-0.50551171,-0.641741149,1.68181614,1.250541687,-1.476840111,-0.451161874,-0.25528068
738.nii.gz,0.026251607,-0.230067319,1.268775633,0.917178371,-1.084566648,-0.052781635,-0.934422682
739.nii.gz,2.224206652,-1.312134896,0.9031721,2.21327195,-2.335132717,-0.486820878,0.477779824
74.nii.gz,0.416211373,-1.375594498,0.683945515,0.747622892,-0.040315238,0.904665086,-0.286854521
740.nii.gz,-0.257355496,0.59490751,0.834388488,1.80231545,-1.537080842,-0.78479674,0.301490314
741.nii.gz,-0.328257271,-0.208914119,1.537811041,2.344509807,-0.664338336,-1.330865098,-0.318302929
742.nii.gz,-0.009199281,1.416628,0.322746844,0.916220431,-1.45900413,-2.056258517,0.864280675
743.nii.gz,1.302483568,-0.732862629,1.869192186,2.48532707,-0.4096736,-1.059375979,0.965316121
744.nii.gz,3.252282398,0.542838092,0.940105173,2.148131992,-1.924550796,-1.291134983,1.575511638
745.nii.gz,-1.214529467,0.284118176,1.182033738,1.092481494,-1.680634897,-1.401888809,-0.702232408
746.nii.gz,0.097153382,-1.658721954,0.663615383,1.713226978,-1.353130062,0.127033923,0.006467349
747.nii.gz,-0.151002832,0.259710636,0.9031721,0.172858555,-1.141815029,-0.714901168,0.151308451
748.nii.gz,-0.009199281,0.025398259,1.014310153,1.014888309,-0.580591908,0.275752081,-0.206582438
749.nii.gz,-1.00182414,-1.469970317,1.309774732,2.069580866,-1.06846308,-0.827469827,0.296868325
75.nii.gz,0.026251607,-1.928832056,-2.068754301,0.297390828,0.260258447,1.314032418,0.112233304
750.nii.gz,-0.50551171,-1.059923656,1.249123173,2.002525027,-1.126105191,-2.229256191,-0.663671676
751.nii.gz,-1.285431243,-0.851645987,1.215917291,1.603063813,-1.717566796,-1.260773327,-0.237461466
752.nii.gz,0.168055158,0.36547664,1.014987824,-0.148051533,-1.468926133,0.633666462,-0.743835238
753.nii.gz,1.408836232,-1.473224655,0.491486936,0.64129149,-2.615941142,-2.059790083,0.194185341
754.nii.gz,-0.009199281,-1.688011001,0.914692508,0.047368342,-0.921247334,0.834033771,0.167015743
755.nii.gz,-0.540962598,1.201841654,0.98652564,0.979444508,-0.82895696,0.690465812,-0.358553481
756.nii.gz,-0.611864374,0.070958999,0.999062554,-0.223728837,-1.548302155,-0.860038711,-0.973739534
757.nii.gz,1.621541559,-0.863036172,1.552719804,1.24000434,-0.821909188,0.636413236,-1.304718034
758.nii.gz,0.983425578,-0.710082259,0.746968923,0.358699024,-1.239460134,1.562321112,-0.438783988
759.nii.gz,-0.151002832,-0.166607717,1.61743739,1.458414788,-1.169100536,-0.127631209,-0.229953818
76.nii.gz,0.061702495,-0.75401583,-1.892559828,0.289727304,0.525278288,1.325706205,2.881607126
760.nii.gz,0.274407822,-0.007145127,0.914014837,2.462336496,-1.778437495,-0.786464424,-0.82431661
761.nii.gz,-0.009199281,0.780404808,1.706212298,1.579115299,-0.880299386,-0.52792438,-0.171430238
762.nii.gz,-0.257355496,-0.89232522,1.263354265,1.599232051,-1.778043764,-1.15217768,0.236146148
763.nii.gz,0.487113148,0.79993084,0.491486936,1.203602599,-0.891284461,-1.383348089,-0.610242925
764.nii.gz,2.259657539,-0.623842287,1.748566738,0.698767923,-1.906202966,-0.182959073,-0.891242076
765.nii.gz,1.160680017,-0.532720807,1.706551133,1.117387949,-2.550424426,-0.955145739,-0.195363246
766.nii.gz,0.416211373,-1.616415553,2.235134554,1.439255977,-1.978806827,-0.23274434,-0.299867121
767.nii.gz,1.550639783,0.695792005,0.464041258,0.940168945,-0.843682472,-0.74452708,-0.858050292
768.nii.gz,-0.789118813,0.965902107,1.152216212,1.90577303,-1.45990971,-1.624230304,-0.645092818
769.nii.gz,-0.292806384,0.389884179,1.401937995,1.05129005,-3.360839431,-0.504527756,-1.135071531
77.nii.gz,-0.718217037,1.208350331,-0.929250426,1.379863662,2.059015164,0.691986347,0.947615293
770.nii.gz,0.699818475,0.328051746,0.994318857,2.145258171,-2.001997539,-0.637893414,-0.323630302
771.nii.gz,0.026251607,-0.384648402,1.508671186,1.652876722,-1.41152026,-0.719021328,-1.276489303
772.nii.gz,-0.50551171,0.230421589,1.218966811,1.515891222,-0.916719436,-0.707641838,-0.264287886
773.nii.gz,-0.399159047,0.537956585,1.978297225,2.744928962,-0.884315435,-1.615646638,0.162511436
774.nii.gz,-0.399159047,-0.085249253,1.24099112,1.381779543,-0.737257181,-0.909529681,0.000605126
775.nii.gz,-0.647315262,-1.479733332,0.859123482,1.476615659,-2.050701973,-0.372388337,-0.512718189
776.nii.gz,0.487113148,0.385002671,2.405229988,2.640513441,-0.85797488,-1.434997238,-0.267515315
777.nii.gz,0.061702495,-0.688929059,1.122398686,0.636501787,-0.50385388,0.277812161,-0.560031737
778.nii.gz,1.44428712,0.759251608,2.110781916,-0.046509833,-0.701900203,0.495739199,-0.065358453
779.nii.gz,0.203506046,-0.84513731,0.232955429,1.882782457,-0.496648616,0.565880019,0.907044817
78.nii.gz,0.097153382,0.715318037,2.100278015,-1.514074773,-0.368016938,1.900125188,-0.971975723
780.nii.gz,0.451662261,0.103502385,1.065135482,0.786898455,-1.826787571,1.266061983,-0.113898142
781.nii.gz,0.309858709,0.713690868,1.541877067,1.447877442,-1.08043248,-1.892482155,-1.000821048
782.nii.gz,-1.391783906,-0.758897338,2.132806225,1.35878897,-0.801435214,-0.957451067,-0.6367163
783.nii.gz,0.345309597,-0.809339586,1.000756732,1.42776069,-1.161580288,-1.522943036,-1.260430377
784.nii.gz,1.018876466,0.385002671,0.826595271,0.979444508,-0.12866831,-0.262664551,1.136975891
785.nii.gz,1.408836232,0.412664549,1.790921179,0.956453934,-0.110281106,-1.276861571,-0.35877475
786.nii.gz,-0.399159047,-0.807712417,2.013874956,0.822342256,0.272936561,0.497063536,-2.149663924
787.nii.gz,-1.00182414,-1.110365904,0.576195817,1.446919502,-0.736036617,-0.642994564,0.557490278
788.nii.gz,2.401461091,0.088857861,1.80752412,1.520680925,-1.678548126,-1.643065322,-0.440242673
789.nii.gz,0.735269363,0.376866825,0.550105482,0.576151532,0.464131978,-0.267814751,-0.619816692
79.nii.gz,1.337934456,-0.921614267,-0.36847763,-0.171042106,0.302860061,-1.447455818,-0.184235663
790.nii.gz,1.054327354,-0.1145383,1.343658284,1.048416228,-0.426525255,0.34397997,-1.007357649
8.nii.gz,-1.037275028,-0.335833323,0.929601271,-1.183585279,-0.049331661,0.544935872,-0.858710576
80.nii.gz,0.770720251,0.520057722,0.558915205,-0.815736104,0.856208576,-0.560787561,0.27602322
81.nii.gz,0.487113148,-0.062468883,-1.830891762,0.247577919,0.198364049,1.091543775,3.060442641
82.nii.gz,0.097153382,-0.93788596,0.041174521,0.72750614,-0.528068291,0.853506432,-0.160196248
83.nii.gz,-0.824569701,-0.54736533,-0.662925703,-2.732575166,0.316601248,0.213066789,-0.632626344
84.nii.gz,-1.462685682,1.665584901,0.829983626,-0.336765823,-2.120943453,0.413630295,0.334413615
85.nii.gz,0.451662261,0.385002671,-0.287495939,0.253325563,-0.48200185,-0.561768552,1.426792689
86.nii.gz,-0.328257271,0.482632829,-2.52787644,-1.123235024,-0.224581002,0.735885672,-0.832970067
87.nii.gz,-0.115551944,-1.774250974,0.286152607,-2.215287263,-0.396168652,1.379807831,-0.547587109
88.nii.gz,-1.852645448,-0.784932047,1.241329955,-1.307159612,0.570242285,1.808157329,-0.591937482
89.nii.gz,0.026251607,-0.467634035,0.810670001,0.870239284,0.019728627,-0.648439062,-1.062398705
9.nii.gz,-1.249980355,1.501240803,-0.917052347,-2.757481621,0.017405619,0.230283172,-0.795778526
90.nii.gz,1.869697773,-1.544820104,-0.573811959,0.532086266,0.915622473,1.779659556,-0.04636172
91.nii.gz,-2.668015867,-0.975310853,1.808201791,0.290685244,0.66371385,1.667630441,0.223581019
92.nii.gz,-0.044650169,-0.669403027,-1.650970097,-0.989123345,0.949601395,1.955600201,0.592252791
93.nii.gz,-0.753667925,-0.900461066,0.100809574,0.602973867,-2.033456588,0.060375619,0.929654438
94.nii.gz,1.196130905,-2.498341307,1.352468008,0.680567053,0.601583214,1.138631318,-0.633848257
95.nii.gz,0.699818475,0.165334818,-1.426660979,0.76103406,-0.021179947,1.412769112,2.105896638
96.nii.gz,1.018876466,0.118146908,1.293849462,-0.151883295,-0.884039824,-1.22128846,-1.685000094
97.nii.gz,0.345309597,0.355713624,0.206865094,-1.138562073,-0.448101674,0.045513613,0.561828986
98.nii.gz,0.203506046,0.088857861,-0.322057163,0.019588066,-1.047280392,1.043867637,1.445359567
99.nii.gz,-0.540962598,-2.086667477,-2.113480591,-1.761223437,1.196273407,2.071406128,0.916600262
